country,1960,1961,1962,1963,1964,1965,1966,1967,1968,1969,1970,1971,1972,1973,1974,1975,1976,1977,1978,1979,1980,1981,1982,1983,1984,1985,1986,1987,1988,1989,1990,1991,1992,1993,1994,1995,1996,1997,1998,1999,2000,2001,2002,2003,2004,2005,2006,2007,2008,2009,2010,2011,2012,2013,2014,2015
Albania,,,,,,,,,,,,785,866,763,777,827,891,924,1010,864,1150,989,967,1000,1020,917,964,922,928,896,813,573,418,412,441,417,448,385,427,576,580,597,660,648,715,720,707,680,711,732,729,765,688,801,808,
Algeria,,,,,,,,,,,,233,263,307,321,332,369,401,480,590,583,615,776,813,781,791,868,833,855,825,861,889,889,872,824,843,802,809,825,868,870,860,908,953,952,978,1030,1080,1070,1150,1110,1140,1230,1250,1330,
Angola,,,,,,,,,,,,637,663,636,624,587,559,533,567,556,547,532,506,502,489,501,489,484,486,480,497,492,479,480,471,456,454,449,434,441,439,443,448,468,465,434,459,472,492,515,521,522,552,534,545,
Antigua and Barbuda,,,,,,,,,,,,,,,,,,,,,,,,,,,,,,,1580,,,,,,,,,,,,,,1680,1680,1730,1740,,,,,,,,
Argentina,,,,,,,,,,,,1390,1390,1420,1430,1390,1420,1430,1440,1500,1500,1440,1430,1430,1460,1370,1430,1480,1510,1450,1410,1440,1490,1470,1550,1550,1590,1620,1660,1670,1670,1570,1510,1600,1730,1720,1850,1860,1940,1870,1930,1950,1940,1970,2030,
Armenia,,,,,,,,,,,,,,,,,,,,,,,,,,,,,,,2180,2320,1200,652,420,511,562,594,610,594,656,657,618,656,698,843,865,973,1030,904,863,944,1030,1000,1020,
Australia,3060,3120,3170,3280,3350,3460,3550,3690,3760,3790,4060,3990,4040,4260,4290,4350,4410,4670,4630,4680,4740,4690,4820,4560,4650,4600,4620,4770,4700,5000,5060,4930,4960,5150,5090,5130,5390,5470,5550,5610,5640,5450,5570,5570,5600,5560,5710,5870,5960,5860,5790,5750,5580,5470,5330,5480
Austria,1550,1550,1680,1820,1860,1850,1900,1920,2050,2180,2420,2510,2630,2830,2730,2650,2870,2800,2890,3140,3070,2900,2830,2840,2950,3050,3060,3170,3200,3140,3240,3420,3250,3260,3230,3370,3580,3550,3610,3590,3570,3760,3770,3970,4010,4090,4080,4020,4030,3800,4050,3920,3890,3920,3760,3800
Azerbaijan,,,,,,,,,,,,,,,,,,,,,,,,,,,,,,,3170,3090,2460,2180,1950,1810,1510,1440,1490,1370,1400,1410,1410,1480,1540,1600,1560,1410,1520,1330,1280,1370,1470,1470,1500,
Bahamas,,,,,,,,,,,,,,,,,,,,,,,,,,,,,,,2520,,,,,,,,,,,,,,2080,2140,2130,2100,,,,,,,,
Bahrain,,,,,,,,,,,,6390,5970,8500,9010,8000,9580,8190,7840,8810,7790,8300,9070,8500,8830,9920,10300,9520,10500,10200,10600,10100,10800,11100,11600,11400,11100,12200,12400,11900,12000,11700,11500,11600,10900,11700,11600,11200,11300,10300,10200,9910,9660,10400,10600,
Bangladesh,,,,,,,,,,,,86.8,88.1,93.9,95.5,96,99.9,99.7,100,102,106,105,108,108,106,110,114,110,117,120,123,119,123,127,130,138,136,139,142,141,143,154,154,160,160,164,173,179,186,193,207,212,220,222,229,
Barbados,,,,,,,,,,,,,,,,,,,,,,,,,,,,,,,1230,,,,,,,,,,,,,,1360,1410,1430,1440,,,,,,,,
Belarus,,,,,,,,,,,,,,,,,,,,,,,,,,,,,,,4470,4350,3620,3080,2620,2430,2500,2510,2470,2410,2460,2490,2550,2640,2750,2770,2970,2920,2930,2790,2900,3100,3220,2880,2930,
Belgium,2520,2570,2810,3040,3020,3120,3050,3180,3590,3880,4140,4100,4470,4720,4620,4320,4620,4590,4830,4980,4740,4420,4210,4160,4330,4470,4630,4730,4770,4800,4810,5010,5040,4900,5190,5270,5540,5520,5600,5610,5670,5630,5390,5590,5590,5560,5470,5340,5450,5200,5540,5090,4850,5000,4710,4690
Belize,,,,,,,,,,,,,,,,,,,,,,,,,,,,,,,566,,,,,,,,,,,,,,561,567,590,595,,,,,,,,
Benin,,,,,,,,,,,,371,380,380,379,381,360,364,368,365,364,353,356,355,354,361,354,348,347,338,334,328,324,320,316,313,353,355,340,345,289,298,310,317,321,313,359,379,377,384,397,397,400,406,417,
Bhutan,,,,,,,,,,,,,,,,,,,,,,,,,,,,,,,105,,,,,,,,,,,,,,282,314,321,367,,,,,,,,
Bolivia,,,,,,,,,,,,223,241,249,261,296,317,332,352,379,438,450,464,431,422,408,378,343,350,366,380,384,398,417,449,494,520,556,551,531,583,445,523,534,525,563,692,554,579,594,636,661,748,740,778,
Bosnia and Herzegovina,,,,,,,,,,,,,,,,,,,,,,,,,,,,,,,1570,1450,1050,909,365,390,464,721,897,885,1160,1120,1170,1170,1280,1340,1410,1410,1590,1660,1750,1950,1850,1820,2250,
Botswana,,,,,,,,,,,,,,,,,,,,,,811,822,802,790,805,849,812,919,947,947,936,1050,1030,985,985,938,962,1060,1070,1090,1080,1080,1060,1020,1040,1050,1060,1100,1010,1080,1030,1150,1200,1300,
Brazil,,,,,,,,,,,,716,749,802,833,850,871,879,913,948,943,884,878,879,915,956,980,998,993,994,941,942,936,943,977,994,1030,1070,1080,1080,1070,1080,1090,1090,1140,1160,1180,1240,1290,1240,1360,1370,1410,1460,1500,
Brunei,,,,,,,,,,,,1310,1240,2320,3830,4580,5800,6040,5440,5470,6960,6500,6780,6960,7790,7940,6780,6760,5460,6160,6670,7340,7670,7180,6480,7560,7430,7490,7290,7270,7160,6490,6220,7090,6390,6070,8510,8610,9340,7930,8340,9840,9600,7520,8670,
Bulgaria,,,,,,,,,,,,2230,2260,2380,2460,2670,2780,2950,3080,3200,3200,3190,3310,3370,3390,3420,3450,3410,3490,3430,3240,2540,2400,2590,2520,2750,2750,2500,2430,2230,2280,2420,2410,2490,2440,2600,2690,2670,2650,2350,2420,2620,2510,2330,2480,
Cambodia,,,,,,,,,,,,,,,,,,,,,,,,,,,,,,,,,,,,266,270,267,296,289,281,277,316,320,259,259,254,254,251,360,370,381,391,397,417,
Cameroon,,,,,,,,,,,,403,401,399,399,407,402,418,419,422,424,432,438,439,440,443,435,429,429,431,423,414,407,409,411,407,406,407,408,400,407,401,400,405,406,398,369,338,332,349,342,321,322,330,335,
Canada,4250,4310,4450,4690,4900,5150,5270,5560,5870,6090,6480,6440,6860,7080,7090,7170,7290,7430,7560,7860,7830,7560,7170,7080,7370,7470,7520,7670,7890,7960,7630,7520,7600,7770,7960,7980,8050,8060,7950,8110,8270,8060,7990,8340,8460,8420,8240,8210,8190,7800,7790,7910,7730,7740,7900,7630
Cape Verde,,,,,,,,,,,,,,,,,,,,,,,,,,,,,,,85.9,,,,,,,,,,,,,,195,214,217,217,,,,,,,,
Chile,,,,,,,,,,,,875,875,828,809,721,751,767,782,815,830,831,752,767,795,782,804,817,910,1000,1060,1060,1130,1140,1200,1280,1390,1540,1570,1650,1640,1590,1630,1630,1720,1750,1810,1850,1820,1750,1810,1950,2140,2200,2030,2010
China,,,,,,,,,,,,465,477,484,486,527,537,577,617,619,609,597,607,622,651,658,671,694,720,724,767,737,753,788,816,867,882,872,869,879,899,929,985,1120,1270,1390,1520,1630,1670,1780,1950,2090,2160,2210,2240,
Colombia,,,,,,,,,,,,630,616,606,627,641,652,657,640,611,658,652,656,663,671,667,712,721,728,720,732,725,728,747,759,758,763,727,749,659,651,639,617,620,618,635,659,647,669,686,690,684,685,724,724,
Comoros,,,,,,,,,,,,,,,,,,,,,,,,,,,,,,,43.4,,,,,,,,,,,,,,56.9,60.5,67,63.9,,,,,,,,
"Congo, Dem. Rep.",,,,,,,,,,,,325,324,327,327,326,322,323,322,327,321,328,321,334,342,333,331,335,338,336,341,329,322,316,306,309,310,308,308,303,295,297,298,300,302,304,306,307,308,307,307,316,379,385,389,
"Congo, Rep.",,,,,,,,,,,,372,374,368,364,360,383,354,357,346,349,349,359,391,368,372,356,352,333,337,334,339,326,319,268,297,272,253,246,235,227,247,242,278,286,300,379,325,336,371,392,508,567,568,555,
Costa Rica,,,,,,,,,,,,426,444,471,450,475,467,530,558,561,526,481,456,437,461,462,471,489,488,530,538,556,699,695,668,665,652,645,627,677,725,717,742,784,915,902,963,1020,1030,1010,1020,1000,1010,1020,1020,
Cote d'Ivoire,,,,,,,,,,,,461,467,461,459,462,475,463,473,458,445,424,404,378,369,373,398,392,385,384,364,362,380,380,377,363,395,390,378,438,413,387,405,375,517,524,504,531,522,467,495,554,586,613,613,
Croatia,,,,,,,,,,,,,,,,,,,,,,,,,,,,,,,1980,1740,1630,1680,1630,1690,1770,1880,1950,1930,1880,2020,2080,2230,2230,2260,2250,2340,2280,2210,2190,2140,2020,1980,1900,
Cuba,,,,,,,,,,,,1180,1120,1180,1230,1240,1290,1390,1460,1490,1490,1490,1500,1580,1530,1510,1500,1540,1610,1740,1640,1350,1180,977,1000,998,1080,1110,1030,1070,1140,1110,1040,1030,1000,947,946,901,958,1020,1100,1030,1070,1020,1030,
Cyprus,,,,,,,,,,,,946,1190,1230,925,869,998,1070,1120,1210,1260,1230,1250,1290,1330,1310,1460,1640,1640,1680,1780,1780,1960,2060,2300,1980,2160,2070,2170,2150,2270,2200,2190,2350,2160,2160,2210,2290,2390,2300,2200,2110,1960,1690,1710,
Czech Republic,,,,,,,,,,,,4620,4610,4550,4190,4340,4440,4720,4430,4700,4560,4570,4630,4650,4740,4760,4840,4980,4880,4740,4800,4350,4220,4090,3960,4020,4150,4180,4060,3780,3990,4110,4160,4360,4460,4400,4490,4470,4330,4030,4240,4080,4050,3990,3920,3860
Denmark,1920,2020,2300,2500,2600,2820,3070,3060,3200,3700,3970,3730,3860,3780,3490,3450,3750,3830,3890,4020,3740,3380,3420,3230,3350,3770,3820,3820,3640,3410,3380,3730,3560,3650,3760,3710,4170,3850,3770,3600,3490,3580,3540,3730,3600,3490,3730,3620,3500,3330,3510,3230,3090,3130,2870,2820
Djibouti,,,,,,,,,,,,,,,,,,,,,,,,,,,,,,,220,,,,,,,,,,,,,,172,177,180,178,,,,,,,,
Dominica,,,,,,,,,,,,,,,,,,,,,,,,,,,,,,,301,,,,,,,,,,,,,,554,581,594,607,,,,,,,,
Dominican Republic,,,,,,,,,,,,506,574,587,602,599,603,602,603,612,592,599,598,622,642,524,533,592,555,537,563,557,606,576,650,671,689,756,786,805,852,814,852,795,709,760,777,780,772,748,777,781,815,760,752,
Ecuador,,,,,,,,,,,,358,361,356,419,449,486,567,569,585,625,634,665,601,628,619,602,601,615,574,619,635,629,573,600,687,708,720,725,639,695,724,695,693,658,675,667,742,672,788,784,818,795,844,889,
Egypt,,,,,,,,,,,,221,238,217,238,254,289,309,311,334,349,396,423,457,494,521,521,540,538,560,575,562,564,573,541,564,586,598,629,630,590,650,658,670,711,814,845,889,908,911,877,901,906,849,827,
El Salvador,,,,,,,,,,,,465,484,499,499,544,614,621,644,617,549,583,593,562,566,532,456,502,462,468,468,508,523,543,568,597,564,618,630,649,674,700,710,737,727,745,779,733,734,684,687,691,677,637,646,
Equatorial Guinea,,,,,,,,,,,,,,,,,,,,,,,,,,,,,,,,,,,,,,,,,,,,,1060,1670,1920,2140,,,,,,,,
Eritrea,,,,,,,,,,,,,,,,,,,,,,,,,,,,,,,,,389,411,428,453,477,474,307,314,309,312,302,308,273,270,238,239,220,231,234,236,,,,
Estonia,,,,,,,,,,,,,,,,,,,,,,,,,,,,,,,6230,5840,4280,3640,3750,3620,4040,4010,3700,3460,3370,3540,3420,3800,3890,3850,3780,4240,4110,3650,4220,4240,4170,4620,4590,4170
Ethiopia,,,,,,,,,,,,476,474,474,474,472,472,472,474,475,475,476,475,475,474,474,475,478,477,478,479,478,473,475,477,478,479,478,478,478,478,482,483,484,485,483,484,486,487,487,487,489,489,492,493,
Fiji,,,,,,,,,,,,,,,,,,,,,,,,,,,,,,,392,,,,,,,,,,,,,,814,704,675,627,,,,,,,,
Finland,2200,2250,2360,2480,2680,2890,3070,3130,3340,3670,3870,3940,4190,4510,4380,4180,4460,4520,4660,4960,5150,4930,4810,4820,4910,5270,5480,5960,5590,5750,5690,5740,5380,5620,5970,5660,6070,6280,6320,6280,6260,6410,6730,7080,7130,6560,7110,6970,6670,6270,6830,6540,6280,6120,6210,5920
France,1700,1750,1860,1980,2090,2110,2120,2250,2360,2540,2950,3030,3170,3390,3250,3060,3250,3170,3370,3500,3480,3380,3280,3350,3450,3600,3630,3700,3670,3800,3850,4040,3950,4000,3840,3980,4190,4050,4150,4120,4140,4250,4230,4270,4300,4290,4190,4120,4110,3910,4020,3850,3840,3830,3660,3690
Gabon,,,,,,,,,,,,1780,1710,2320,2480,2010,1880,2010,2230,1930,1890,2070,2080,2080,1890,1640,1600,1480,1520,1370,1240,1250,1300,1340,1160,1240,1250,1240,1290,1220,1200,1250,1480,1700,1920,2160,2360,2560,2720,2880,3130,2430,2070,2910,2690,
Gambia,,,,,,,,,,,,,,,,,,,,,,,,,,,,,,,64.7,,,,,,,,,,,,,,72.2,70,71.6,81.1,,,,,,,,
Georgia,,,,,,,,,,,,,,,,,,,,,,,,,,,,,,,2590,2080,1780,1550,969,800,834,756,716,669,704,640,639,685,708,728,781,866,781,812,825,944,994,1050,1180,
Germany,1950,1990,2120,2280,2340,2380,2390,2390,2560,2770,3860,3900,4020,4240,4160,3980,4310,4340,4480,4690,4560,4400,4260,4270,4450,4600,4590,4620,4630,4510,4420,4300,4190,4120,4090,4120,4250,4200,4180,4080,4090,4210,4110,4080,4110,4090,4200,3990,4040,3790,4000,3870,3880,3940,3780,3820
Ghana,,,,,,,,,,,,334,343,354,362,366,359,374,366,362,364,371,371,305,316,340,344,362,344,361,358,360,362,369,373,380,383,391,403,408,326,320,310,286,279,270,280,273,266,281,299,311,329,336,332,
Greece,289,322,350,368,434,479,547,608,652,726,873,984,1130,1320,1260,1300,1390,1470,1530,1600,1550,1510,1540,1600,1650,1770,1670,1790,1900,2090,2100,2090,2130,2090,2140,2150,2210,2280,2390,2390,2510,2580,2600,2670,2710,2750,2740,2730,2750,2650,2480,2410,2400,2130,2120,2180
Grenada,,,,,,,,,,,,,,,,,,,,,,,,,,,,,,,441,,,,,,,,,,,,,,709,755,772,770,,,,,,,,
Guatemala,,,,,,,,,,,,473,475,483,483,518,540,559,558,578,521,494,473,446,460,458,429,443,450,456,476,478,493,480,494,511,514,526,559,600,604,603,594,603,606,596,591,621,582,654,697,729,725,772,830,
Guinea-Bissau,,,,,,,,,,,,,,,,,,,,,,,,,,,,,,,76.5,,,,,,,,,,,,,,65.5,64.7,65.3,67.3,,,,,,,,
Guyana,,,,,,,,,,,,,,,,,,,,,,,,,,,,,,,514,,,,,,,,,,,,,,642,663,670,670,,,,,,,,
Haiti,,,,,,,,,,,,316,320,323,331,337,350,354,361,367,369,300,304,306,301,297,226,228,231,231,222,217,221,210,189,219,246,255,251,250,238,239,264,249,253,370,375,387,386,385,382,389,397,394,394,
Honduras,,,,,,,,,,,,496,493,497,490,488,493,506,503,504,509,490,515,490,486,467,466,477,485,491,480,471,477,474,479,495,483,512,535,457,455,478,484,513,540,551,523,601,583,547,549,597,593,591,598,
Hungary,,,,,,1430,1450,1480,1510,1610,1730,1840,1880,2040,2100,2170,2310,2430,2670,2640,2650,2630,2630,2590,2700,2790,2790,2890,2860,2870,2770,2640,2420,2480,2410,2500,2570,2530,2500,2490,2450,2510,2520,2580,2580,2730,2710,2660,2640,2480,2570,2500,2370,2270,2310,2430
Iceland,3080,2920,3030,3280,3310,3440,3640,3590,3920,3550,4230,4380,4400,5270,5130,5070,5090,5600,5710,6520,6560,7180,7080,7250,7530,7330,7610,7860,7880,7980,8910,8050,7760,8250,8290,8260,8850,8580,9040,10000,11100,10600,10800,10700,10500,10500,12700,14700,16400,16900,17000,18200,17600,18200,17900,17500
India,,,,,,,,,,,,267,267,269,273,276,280,282,279,286,286,294,298,301,306,315,319,324,334,343,350,357,363,365,371,385,389,397,399,415,417,416,421,424,440,450,466,485,502,545,562,578,599,606,637,
Indonesia,,,,,,,,,,,,297,301,307,310,315,321,348,364,372,378,388,389,387,394,399,431,437,440,457,544,561,575,621,612,664,678,691,666,688,736,743,760,752,791,794,802,788,793,846,877,834,853,864,884,
Iran,,,,,,,,,,,,567,541,668,772,814,898,975,914,1000,985,1070,1200,981,1100,1140,1100,1080,1060,1210,1230,1330,1380,1460,1600,1650,1570,1730,1740,1950,1870,2010,2050,2090,2260,2480,2560,2680,2840,2800,2770,2790,2870,2890,3060,
Iraq,,,,,,,,,,,,392,404,425,447,521,625,625,691,799,712,685,691,811,836,946,1000,972,1150,1240,1150,892,1290,1630,1790,1670,1620,1870,1290,967,1100,1200,1110,989,992,982,909,909,968,1140,1260,1340,1440,1490,1440,
Ireland,1320,1400,1410,1450,1520,1510,1630,1770,1880,1970,2020,2250,2190,2240,2270,2080,2110,2200,2180,2530,2410,2390,2360,2340,2350,2440,2500,2610,2590,2660,2820,2830,2780,2810,2940,2950,3120,3260,3420,3540,3630,3710,3660,3520,3560,3500,3420,3420,3290,3150,3150,2870,2850,2810,2740,2820
Israel,,,,,,,,,,,,1870,1760,2370,1730,2030,1830,1790,1850,2010,2020,1840,1960,1790,1830,1790,2100,2280,2450,2490,2460,2320,2580,2630,2740,2800,2800,2880,2890,2740,2900,2970,2860,2950,2820,2660,2880,2900,3130,2870,3040,2980,3070,2870,2760,2780
Italy,795,891,1010,1120,1220,1320,1430,1550,1700,1830,2030,1950,2050,2180,2210,2110,2260,2200,2250,2340,2320,2270,2210,2200,2250,2280,2310,2410,2460,2570,2580,2650,2630,2610,2580,2800,2800,2830,2910,2960,3010,3020,3040,3170,3170,3210,3180,3150,3090,2870,2930,2830,2710,2580,2410,2480
Jamaica,,,,,,,,,,,,1060,1330,1480,1370,1320,1180,1140,1170,1200,1050,1060,1020,881,870,738,743,757,768,957,1150,1150,1200,1190,1200,1260,1320,1310,1340,1370,1440,1430,1320,1370,1380,1360,1510,1510,1270,1080,951,1010,974,1010,977,
Japan,874,963,1000,1140,1260,1360,1480,1720,1940,2190,2460,2530,2670,2960,2920,2730,2880,2900,2900,3040,2950,2860,2840,2820,3020,3010,3020,3040,3240,3350,3550,3580,3650,3660,3850,3940,4010,4040,3960,4010,4080,4010,3990,3950,4080,4060,4050,4010,3860,3680,3890,3610,3540,3570,3470,3430
Jordan,,,,,,,,,,,,272,286,315,323,365,456,454,543,542,640,769,841,876,925,903,931,951,906,874,918,900,956,896,915,937,933,930,943,924,950,923,952,952,1110,1160,1140,1150,1080,1080,978,922,970,907,917,
Kazakhstan,,,,,,,,,,,,,,,,,,,,,,,,,,,,,,,4490,4560,4800,4020,3610,3300,2910,2580,2610,2410,2400,2320,2670,2890,3380,3360,4010,4270,4460,3940,4230,4670,4400,4790,4430,
Kenya,,,,,,,,,,,,452,456,451,451,445,450,455,451,450,449,445,436,427,435,437,459,461,456,457,452,445,442,439,431,438,441,434,437,435,438,432,426,424,434,437,443,440,444,457,464,461,455,469,506,
Kiribati,,,,,,,,,,,,,,,,,,,,,,,,,,,,,,,98.2,,,,,,,,,,,,,,88.4,86.7,106,114,,,,,,,,
Kuwait,,,,,,,,,,,,7670,7940,7870,7080,6340,6480,6580,6760,8050,7640,7150,7600,7720,7630,8080,8290,8520,9910,11300,4350,1330,,,,9210,8940,8590,9170,9230,9150,9500,9610,10100,10600,11600,10800,10500,10800,11100,10700,10200,11100,9910,9180,
Kyrgyz Republic,,,,,,,,,,,,,,,,,,,,,,,,,,,,,,,1700,1520,1100,857,619,523,596,552,579,498,473,436,485,511,498,499,485,561,594,536,505,600,737,690,650,
Latvia,,,,,,,,,,,,,,,,,,,,,,,,,,,,,,,2950,2790,2340,2060,1890,1850,1840,1820,1800,1660,1620,1760,1760,1890,1960,2020,2110,2180,2110,2060,2150,2070,2170,2160,2180,
Lebanon,,,,,,,,,,,,785,789,958,964,840,894,697,833,899,955,909,685,738,748,878,971,999,737,719,697,828,797,1080,1130,1250,1290,1440,1400,1440,1280,1320,1250,1190,1160,1070,1010,886,1140,1380,1290,1220,1290,1200,1200,
Lesotho,,,,,,,,,,,,,,,,,,,,,,,,,,,,,,,,,,,,,,,,,,,,,14,16.5,9.55,9.56,,,,,,,,
Libya,,,,,,,,,,,,705,944,1070,1140,1390,1210,1440,1570,1700,2190,2270,2380,2340,2420,2620,2520,2680,2510,2650,2520,2490,2420,2460,2720,2830,2950,2950,2940,2860,2950,3000,3070,3100,3140,3070,3050,2800,2940,3150,3350,2190,2740,3070,2810,
Lithuania,,,,,,,,,,,,,,,,,,,,,,,,,,,,,,,4340,4600,2980,2470,2220,2400,2610,2490,2630,2260,2040,2380,2570,2710,2780,2660,2670,2930,2980,2770,2280,2410,2470,2360,2390,
Luxembourg,10500,10500,10400,10500,11200,10900,10500,10400,11100,12000,12100,11900,12000,12600,13000,10500,10700,10300,11100,10500,9770,8530,8060,7580,8110,8350,8160,7940,8160,8700,8870,9350,9260,9270,8820,7710,7710,7410,7070,7270,7680,7980,8200,8550,9390,9430,9170,8770,8610,7950,8330,8060,7720,7310,6860,6550
Malaysia,,,,,,,,,,,,547,541,524,578,593,629,618,775,885,862,897,888,1010,1020,997,1090,1070,1090,1160,1210,1450,1560,1650,1600,1690,1820,2060,1910,1890,2110,2150,2170,2280,2410,2560,2520,2710,2780,2590,2600,2670,2680,2980,3000,
Maldives,,,,,,,,,,,,,,,,,,,,,,,,,,,,,,,228,,,,,,,,,,,,,,803,704,879,892,,,,,,,,
Malta,,,,,,,,,,,,696,873,844,775,688,778,823,950,908,1010,1130,1260,945,1250,1020,1680,1750,1870,1980,1960,1850,1810,2290,2060,1880,1840,2050,1790,1940,1730,2000,1850,2070,2070,2180,2060,2160,2040,1890,2010,1990,2090,1800,1780,
Marshall Islands,,,,,,,,,,,,,,,,,,,,,,,,,,,,,,,,,,,,,,,,,,,,,532,525,538,571,,,,,,,,
Mauritius,,,,,,,,,,,,434,435,439,449,449,460,475,476,468,446,435,415,426,432,433,491,512,514,561,629,634,658,679,658,697,702,713,750,775,851,887,873,909,920,946,1010,1010,1030,999,1050,1050,1070,1090,1110,
Mexico,,,,,,,,,,,,810,869,933,965,992,1030,1090,1190,1270,1400,1460,1500,1380,1410,1430,1360,1400,1390,1430,1470,1520,1500,1500,1510,1440,1450,1500,1520,1540,1520,1550,1530,1600,1600,1690,1700,1660,1620,1600,1530,1590,1630,1620,1560,1540
Moldova,,,,,,,,,,,,,,,,,,,,,,,,,,,,,,,3330,2770,2300,2050,1720,1600,1380,1320,1220,1060,986,1050,1060,1160,1170,1210,1200,1170,1170,1110,1230,1210,1190,1070,1160,
Mongolia,,,,,,,,,,,,,,,,,,,,,,,,,,1620,1700,1750,1810,1680,1560,1720,1490,1380,1180,1170,980,952,951,944,1000,998,1060,1020,1040,1190,1330,1380,1360,1390,1450,1560,1690,1830,1830,
Montenegro,,,,,,,,,,,,,,,,,,,,,,,,,,,,,,,,,,,,,,,,,,,,,,1750,1910,1930,2070,1650,1900,1820,1710,1580,1540,
Morocco,,,,,,,,,,,,181,191,207,219,223,235,253,262,273,270,265,269,274,276,275,277,279,287,306,307,317,330,336,355,346,358,364,367,385,383,401,403,397,466,487,490,500,513,510,528,561,561,556,555,
Mozambique,,,,,,,,,,,,747,716,703,681,657,631,623,590,577,578,550,538,521,506,499,492,488,483,476,456,442,432,424,411,406,401,402,396,394,405,414,407,417,421,414,415,421,417,421,423,428,425,428,443,
Myanmar,,,,,,,,,,,,283,281,271,275,274,278,277,275,274,275,273,273,271,275,289,290,273,266,269,258,251,255,250,263,269,266,268,272,270,275,266,272,292,306,304,306,316,303,285,277,281,305,320,369,
Namibia,,,,,,,,,,,,,,,,,,,,,,,,,,,,,,,,470,487,512,539,577,607,607,621,608,568,663,605,621,641,684,674,681,712,712,726,736,750,778,794,
Nepal,,,,,,,,,,,,297,299,301,301,300,299,300,299,303,304,302,303,306,306,302,305,304,305,302,306,308,307,307,309,311,311,314,316,327,339,344,342,347,347,355,350,353,361,369,378,391,374,417,434,
Netherlands,1830,1880,2080,2270,2350,2490,2610,2760,3040,3360,3770,3860,4380,4610,4500,4320,4740,4560,4660,4870,4550,4270,3790,3940,4150,4180,4320,4390,4320,4320,4390,4600,4500,4510,4510,4780,5010,4840,4840,4730,4740,4840,4870,5020,5090,4990,4930,4910,4850,4720,5030,4640,4650,4600,4330,4230
New Zealand,1690,1760,1790,1920,2180,2240,2290,2190,2320,2370,2460,2390,2620,2660,2880,2770,2930,3060,3030,2830,2890,2850,3010,3080,3250,3450,3460,3450,3610,3850,3850,3760,3810,3970,4060,4050,4130,4260,4160,4310,4430,4410,4340,4200,4240,4100,4050,4050,4080,4070,4230,4180,4360,4360,4560,4440
Nicaragua,,,,,,,,,,,,491,486,511,520,525,546,583,546,447,470,469,467,473,507,517,505,499,462,484,484,502,506,487,482,486,485,499,493,492,496,493,504,509,525,526,514,516,514,510,508,518,549,580,596,
Niger,,,,,,,,,,,,,,,,,,,,,,,,,,,,,,,,,,,,,,,,,130,129,129,130,131,127,126,127,128,130,135,113,128,155,150,
Nigeria,,,,,,,,,,,,579,585,597,600,608,622,636,646,653,665,677,692,694,678,683,672,677,679,685,698,713,722,716,681,683,694,700,688,695,704,720,725,747,749,758,745,751,753,722,756,779,799,780,764,
North Korea,,,,,,,,,,,,1310,1330,1320,1350,1370,1430,1480,1570,1660,1740,1760,1810,1850,1860,1910,1850,1760,1760,1730,1640,1540,1320,1200,1080,1010,874,824,763,810,860,881,838,851,864,893,896,757,830,815,770,567,575,435,475,
North Macedonia,,,,,,,,,,,,,,,,,,,,,,,,,,,,,,,1240,1220,1360,1400,1250,1260,1490,1340,1440,1340,1310,1260,1230,1360,1340,1360,1420,1460,1460,1360,1390,1510,1430,1300,1260,
Norway,1910,1940,2050,2180,2320,2540,2710,2820,3050,3190,3420,3410,3500,3610,3580,3650,3960,4060,4360,4470,4490,4410,4260,4430,4670,4820,5020,5050,4820,4980,4970,5110,5160,5460,5320,5390,5200,5480,5680,5910,5830,5950,5500,5930,5770,5800,5830,5860,6750,6480,6930,5650,5910,6420,5600,5820
Oman,,,,,,,,,,,,113,112,120,177,271,407,762,538,772,997,803,1150,1000,1570,1410,1270,1410,1320,1470,2330,3080,2750,2860,2810,2770,2800,3000,3020,3120,3340,3350,3460,3600,3600,3940,5980,6660,5690,5500,6150,6770,6770,6490,6040,
Pakistan,,,,,,,,,,,,285,285,291,300,305,299,303,305,313,317,329,337,344,343,350,354,376,383,393,399,397,411,421,426,433,442,441,438,450,450,446,440,450,471,477,486,500,481,477,474,467,463,464,460,
Palau,,,,,,,,,,,,,,,,,,,,,,,,,,,,,,,4880,,,,,,,,,,,,,,,,,,,,,,,,,
Panama,,,,,,,,,,,,1060,1160,1230,1180,969,935,900,860,898,714,744,796,831,744,703,699,731,666,614,603,641,715,711,733,729,763,777,883,854,848,943,840,826,799,875,918,883,869,942,991,1060,1070,1040,1080,
Paraguay,,,,,,,,,,,,540,541,571,553,528,548,580,631,623,655,636,630,626,619,614,622,698,726,769,728,732,711,720,768,822,822,874,844,789,723,722,702,704,699,680,690,705,729,728,769,770,778,759,783,
Peru,,,,,,,,,,,,660,642,651,670,671,664,670,634,616,642,630,626,562,562,535,533,535,514,465,441,424,404,424,431,452,456,434,448,470,462,440,438,425,466,490,471,506,526,547,643,649,693,684,790,
Philippines,,,,,,,,,,,,416,407,440,429,442,451,457,452,466,473,463,462,489,428,438,426,434,447,458,464,452,461,450,471,482,487,501,504,506,513,481,477,469,458,450,439,432,441,413,430,426,445,453,474,
Poland,1830,1890,1980,1980,2030,2090,2140,2200,2290,2440,2550,2630,2690,2780,2880,3030,3160,3250,3490,3570,3560,3250,3410,3350,3210,3350,3460,3540,3500,3260,2710,2640,2570,2620,2500,2580,2680,2640,2460,2400,2320,2340,2310,2380,2380,2410,2540,2530,2560,2470,2640,2650,2570,2570,2470,2490
Portugal,337,366,363,395,410,441,452,487,497,580,664,726,745,799,824,845,872,845,917,998,1020,1010,1120,1120,1120,1090,1210,1240,1300,1580,1680,1700,1810,1790,1830,2010,1990,2080,2240,2390,2390,2390,2480,2400,2460,2520,2390,2400,2340,2300,2220,2160,2040,2060,2030,2130
Qatar,,,,,,,,,,,,7750,7800,10100,8010,12400,8800,9520,8450,13700,14800,16700,17300,16100,16500,15200,15100,14700,14600,14400,13700,14800,15200,15600,15500,15900,16500,19000,19300,19800,18400,19600,21300,20700,22100,19300,19200,18200,15800,14600,14900,15400,17300,17300,17900,
Romania,,,,,,,,,,,,2060,2130,2300,2290,2430,2590,2740,2920,2880,2940,2900,2880,2890,2860,2860,2920,3030,3030,2990,2680,2230,2050,2000,1890,2050,2110,1990,1820,1610,1610,1660,1760,1830,1800,1810,1880,1900,1930,1710,1730,1780,1740,1600,1590,
Russia,,,,,,,,,,,,,,,,,,,,,,,,,,,,,,,5930,5860,5350,5060,4430,4290,4250,4070,3980,4140,4220,4290,4290,4460,4490,4540,4690,4710,4820,4530,4820,5050,5170,5080,4940,
Samoa,,,,,,,,,,,,,,,,,,,,,,,,,,,,,,,266,,,,,,,,,,,,,,314,317,315,319,,,,,,,,
Sao Tome and Principe,,,,,,,,,,,,,,,,,,,,,,,,,,,,,,,197,,,,,,,,,,,,,,247,273,272,265,,,,,,,,
Saudi Arabia,,,,,,,,,,,,1210,978,1080,1150,1180,1300,1380,1980,2460,3210,4100,4310,4430,3680,3510,3330,3800,4170,4010,3570,4030,4450,4500,4610,4530,4750,4440,4650,4630,4740,4740,5100,5010,5180,5150,5540,5570,6050,6260,6760,6300,6870,6390,6910,
Senegal,,,,,,,,,,,,283,279,283,283,282,280,281,275,280,280,270,260,253,258,241,245,253,234,225,224,216,223,216,208,215,214,222,229,236,245,258,256,243,253,252,246,257,261,305,302,311,300,269,279,
Serbia,,,,,,,,,,,,,,,,,,,,,,,,,,,,,,,2600,2200,2020,1710,1570,1810,2180,2300,2300,1690,1830,1990,2120,2220,2420,2160,2300,2250,2290,2070,2140,2240,2020,2080,1860,
Seychelles,,,,,,,,,,,,,,,,,,,,,,,,,,,,,,,541,,,,,,,,,,,,,,3100,2750,2870,2410,,,,,,,,
Singapore,,,,,,,,,,,,1290,1570,1710,1800,1640,1690,1760,2210,2130,2130,2120,1990,2200,2460,2470,2630,2760,2980,2900,3780,4170,4590,5490,6460,5350,5360,5820,5080,4590,4630,5150,5070,6220,7370,5060,5260,4680,5090,4260,5010,5070,4900,4880,5120,
Slovak Republic,,,,,,,,,,,,3130,3220,3340,3460,3540,3630,3780,3930,3970,3980,3870,3750,3770,3930,4020,3980,4070,4110,4080,4020,3610,3410,3330,3260,3320,3360,3360,3260,3270,3290,3460,3480,3470,3420,3500,3470,3320,3410,3110,3310,3210,3080,3130,2940,3000
Slovenia,,,,,,,,,,,,,,,,,,,,,,,,,,,,,,,2860,2780,2580,2720,2830,3050,3180,3310,3250,3240,3220,3380,3420,3460,3570,3650,3650,3630,3840,3500,3580,3570,3420,3330,3240,3170
Solomon Islands,,,,,,,,,,,,,,,,,,,,,,,,,,,,,,,171,,,,,,,,,,,,,,126,123,123,130,,,,,,,,
South Africa,,,,,,,,,,,,2000,1980,2060,2080,2140,2160,2150,2220,2230,2290,2450,2590,2570,2710,2640,2690,2720,2760,2590,2470,2520,2290,2400,2420,2500,2500,2530,2470,2460,2420,2460,2380,2520,2720,2680,2630,2780,2950,2850,2770,2720,2640,2600,2700,
South Korea,,,,,,,,,,,,516,551,632,675,693,758,866,935,1060,1080,1050,1100,1170,1260,1300,1480,1580,1760,1860,2170,2310,2530,2810,2960,3210,3450,3730,3380,3710,4000,4030,4170,4230,4330,4360,4410,4560,4630,4650,5050,5220,5250,5230,5290,5410
South Sudan,,,,,,,,,,,,,,,,,,,,,,,,,,,,,,,,,,,,,,,,,,,,,,,,,,,,,63.7,65.4,66.3,
Spain,531,558,605,624,684,715,791,881,994,1050,1120,1240,1300,1470,1580,1610,1710,1660,1760,1770,1810,1820,1760,1780,1810,1840,1880,1920,2070,2270,2320,2400,2430,2320,2440,2540,2490,2630,2760,2880,3000,3060,3110,3160,3240,3250,3190,3180,3030,2760,2740,2690,2680,2510,2460,2570
Sri Lanka,,,,,,,,,,,,298,311,312,291,299,295,287,297,303,302,303,316,313,318,309,315,322,322,319,318,319,324,338,321,329,366,377,381,405,443,426,430,452,454,461,461,467,456,450,481,513,551,487,516,
St. Kitts and Nevis,,,,,,,,,,,,,,,,,,,,,,,,,,,,,,,537,,,,,,,,,,,,,,1640,1690,1670,1740,,,,,,,,
St. Lucia,,,,,,,,,,,,,,,,,,,,,,,,,,,,,,,405,,,,,,,,,,,,,,742,753,720,764,,,,,,,,
St. Vincent and the Grenadines,,,,,,,,,,,,,,,,,,,,,,,,,,,,,,,274,,,,,,,,,,,,,,608,617,645,645,,,,,,,,
Sudan,,,,,,,,,,,,491,485,485,475,461,447,446,438,427,438,427,431,430,415,420,414,397,412,401,412,399,387,364,408,397,395,392,386,416,383,390,411,388,377,374,390,366,362,364,362,351,380,380,381,
Suriname,,,,,,,,,,,,,,,,,,,,,,,,,,,,,,,,,,,,,,,,,1340,1420,979,1030,1120,1270,1190,1110,1160,1150,1360,1310,1440,1260,1250,
Swaziland,,,,,,,,,,,,,,,,,,,,,,,,,,,,,,,375,,,,,,,,,,,,,,396,387,392,406,,,,,,,,
Sweden,2700,2740,2890,3080,3270,3440,3640,3630,4000,4300,4680,4450,4530,4770,4510,4760,5150,5050,5020,5230,4870,5100,4880,4940,5220,5660,5880,5760,5850,5590,5510,5650,5370,5330,5660,5700,5830,5670,5770,5660,5360,5680,5800,5650,5850,5710,5530,5470,5380,4880,5430,5270,5270,5150,4970,5100
Switzerland,1400,1450,1570,1870,1820,1940,1970,2040,2170,2330,2560,2640,2730,3000,2780,2710,2820,2880,3000,3040,3170,3090,2980,3170,3240,3410,3540,3430,3440,3340,3630,3640,3610,3490,3490,3420,3470,3530,3560,3550,3480,3670,3550,3540,3530,3490,3620,3410,3500,3480,3350,3210,3200,3300,3060,2960
Syria,,,,,,,,,,,,362,291,292,363,405,444,477,504,632,500,576,667,738,820,735,731,787,791,770,841,890,827,808,820,843,866,914,991,961,941,945,963,950,970,1130,1130,1140,1120,1010,1010,944,726,594,577,
Tajikistan,,,,,,,,,,,,,,,,,,,,,,,,,,,,,,,1000,939,753,580,438,386,367,361,373,366,346,336,331,331,352,345,349,365,340,290,289,283,298,323,340,
Tanzania,,,,,,,,,,,,542,530,516,498,483,473,458,450,440,432,425,418,414,409,405,403,398,393,390,386,381,373,371,365,372,367,361,376,390,402,413,423,427,441,448,452,455,457,456,466,478,493,495,497,
Thailand,,,,,,,,,,,,361,368,389,386,410,434,452,459,474,464,460,457,412,446,475,490,532,596,657,742,796,839,878,962,1040,1150,1160,1070,1130,1150,1170,1280,1380,1480,1510,1530,1590,1620,1610,1750,1740,1860,1990,1970,
Timor-Leste,,,,,,,,,,,,,,,,,,,,,,,,,,,,,,,,,,,,,,,,,,,,,59.7,58.3,58,58.9,,,,,,,,
Togo,,,,,,,,,,,,333,332,324,317,323,316,328,330,335,326,322,327,308,308,303,320,328,325,326,335,335,332,327,361,371,404,386,399,442,429,416,420,432,426,423,411,415,421,498,485,475,461,461,462,
Tonga,,,,,,,,,,,,,,,,,,,,,,,,,,,,,,,267,,,,,,,,,,,,,,569,565,560,565,,,,,,,,
Trinidad and Tobago,,,,,,,,,,,,2760,2770,2690,2680,2300,2510,2810,3330,3400,3530,3690,3650,3720,4140,4350,4500,4190,4560,4400,4900,4840,5290,5030,5040,4900,5780,5440,6310,7350,7760,8640,9360,10400,10900,12400,13800,14600,14100,14200,15100,14800,14300,14500,14400,
Tunisia,,,,,,,,,,,,320,342,349,380,384,401,425,456,483,513,515,492,544,560,568,546,542,556,541,600,581,632,603,639,636,655,666,717,733,753,787,792,807,844,823,858,877,905,870,967,914,944,951,950,
Turkey,389,385,411,422,434,446,478,484,497,512,522,547,603,650,657,681,724,777,756,704,715,705,732,758,771,800,845,919,908,927,978,948,962,1000,976,1050,1130,1170,1170,1130,1200,1090,1140,1180,1200,1240,1350,1440,1400,1370,1470,1550,1580,1540,1570,1650
Turkmenistan,,,,,,,,,,,,,,,,,,,,,,,,,,,,,,,4760,4010,2660,2620,3230,3250,2790,2750,2840,3320,3290,3320,3430,3790,3920,4030,4080,4590,4590,3970,4460,4770,4850,4880,4890,
Ukraine,,,,,,,,,,,,,,,,,,,,,,,,,,,,,,,4860,4850,4210,3730,3190,3180,2940,2840,2710,2720,2720,2750,2810,3030,3030,3030,2940,3000,2910,2490,2890,2770,2690,2550,2330,
United Arab Emirates,,,,,,,,,,,,3650,3180,3310,2870,3530,3860,5590,5710,5980,7090,8090,8300,7580,9330,10000,10800,11300,10900,11900,11200,12100,10900,10800,11400,11500,11500,11600,11200,10900,10100,12200,11500,10600,10300,9700,8720,8130,8370,7570,7220,7190,7480,7600,7650,
United Kingdom,3030,3010,3090,3200,3210,3330,3310,3350,3410,3560,3680,3730,3750,3880,3730,3550,3620,3700,3680,3860,3520,3420,3400,3380,3370,3550,3600,3620,3640,3630,3600,3710,3680,3710,3730,3730,3880,3760,3790,3780,3790,3780,3690,3730,3690,3690,3600,3440,3360,3150,3230,2970,3040,2990,2780,2760
United States,5640,5610,5770,5990,6140,6310,6590,6810,7070,7330,7570,7640,7940,8160,7910,7660,8100,8290,8440,8330,7940,7650,7260,7200,7440,7460,7380,7620,7850,7890,7670,7630,7680,7710,7760,7760,7840,7830,7800,7920,8060,7830,7840,7790,7880,7850,7700,7760,7490,7060,7160,7030,6870,6910,6960,6810
Uruguay,,,,,,,,,,,,858,873,846,832,864,873,869,884,938,907,868,766,705,673,663,680,719,765,780,724,780,855,792,751,798,873,881,901,978,931,815,763,759,864,890,957,950,1240,1230,1220,1310,1370,1360,1390,
Uzbekistan,,,,,,,,,,,,,,,,,,,,,,,,,,,,,,,2260,2290,2110,2150,2080,1880,1900,1900,2080,2110,2060,2050,2110,2020,1960,1800,1820,1780,1820,1590,1510,1610,1630,1420,,
Vanuatu,,,,,,,,,,,,,,,,,,,,,,,,,,,,,,,159,,,,,,,,,,,,,,147,143,145,159,,,,,,,,
Venezuela,,,,,,,,,,,,1520,1430,1530,1760,1750,1760,1830,1920,1940,2150,2240,2180,2290,2170,2100,2140,2090,1970,1970,2020,2060,2250,2050,2320,2140,2230,2180,2250,2100,2120,2150,2290,2070,2170,2130,2340,2130,2350,2320,2550,2330,2490,2310,,
Vietnam,,,,,,,,,,,,297,293,299,275,285,251,255,256,259,265,262,266,268,265,262,269,278,274,262,263,261,267,284,279,292,304,323,340,346,360,380,410,427,469,492,500,532,564,609,670,663,667,660,,
Yemen,,,,,,,,,,,,117,90.2,149,121,102,121,127,130,128,160,152,173,176,178,181,189,216,221,218,215,249,258,212,211,229,226,232,241,264,273,294,277,298,317,328,341,324,332,359,338,278,244,329,,
Zambia,,,,,,,,,,,,836,861,880,886,810,871,828,807,785,790,775,767,754,739,728,717,709,724,703,678,679,673,657,646,641,619,628,617,601,600,603,608,612,614,618,615,599,603,601,604,619,630,645,,
Zimbabwe,,,,,,,,,,,,993,977,998,977,940,961,904,870,857,876,858,834,824,808,834,851,897,879,872,891,923,934,878,858,862,849,833,845,896,842,837,820,783,762,796,810,787,724,729,745,795,824,845,,
