country,data_culture_murder_total_deaths_2010,data_energy_co2_emissions_tonnes_per_person_2010,data_energy_coal_consumption_per_person_2010,data_energy_electricity_use_per_person_2010,data_energy_energy_production_per_person_2010,data_energy_energy_use_per_person_2010,data_energy_hydro_power_generation_per_person_2010,data_energy_natural_gas_production_per_person_2010,data_energy_nuclear_power_generation_per_person_2010,data_energy_oil_consumption_per_cap_2010,data_energy_oil_production_per_person_2010,data_health_annual_hiv_deaths_number_all_ages_2010,data_health_life_expectancy_years_2010,data_health_sugar_per_person_g_per_day_2010,data_health_suicide_total_deaths_2010,data_income_income_per_person_gdppercapita_ppp_inflation_adjusted_2010,data_income_poverty_percent_below_190_a_day_2010,data_income_poverty_percent_below_320_a_day_2010,data_income_poverty_percent_below_550_a_day_2010,data_income_total_gdp_ppp_2010,data_income_total_gdp_yearly_growth_2010,data_political_civlibx_eiu_2010,data_political_demox_eiu_2010,data_political_gini_2010,data_political_polpartix_eiu_2010,data_political_polrights_fh_2010,data_population_population_growth_annual_percent_2010,data_population_population_total_2010,suicide_as_percent_of_population,murder_as_percent_of_population,hiv_deaths_as_percent_of_population,CPI_score_2022,Adjusted_NNI_per_capita,Military_Spending_2022,Military_Spending_Per_Capita_2010,Gov_Spending_Per_Capita_2010,Code_x,General government procurement expenditure (% of GDP),Code_y,Government Expenditure (IMF based on Mauro et al. (2015))_x,"GDP per capita, PPP (constant 2017 international $)",Population (historical estimates),Continent,Code_x,Indicator:Domestic general government health expenditure (GGHE-D) as percentage of general government expenditure (GGE) (%),Code_y,Government Expenditure (IMF based on Mauro et al. (2015))_y,Code_x,Expenditures on general government outsourcing (% of GDP),Code_y,public_health_expenditure_pc_gdp,Code_x,Percentage reduction in Gini coefficient (before vs. after tax),Code_y,"Government expenditure on education, total (% of government expenditure)",Code_x,Compensation of employees (% of expense),Code_y,Share of social protection in government expenditure (OECD (2017)),Code_x,Social expenditure on family (% of GDP) (OECD Stats (2019)),Social expenditure on health (% of GDP) (OECD Stats (2019)),Social expenditure on housing (% of GDP) (OECD Stats (2019)),Incapacity related social expenditures (% of GDP) (OECD Stats (2019)),Old age related social expenditures (% of GDP) (OECD Stats (2019)),Social expenditure on other social policy areas (% of GDP) (OECD Stats (2019)),Social expenditure on survivors (% of GDP) (OECD Stats (2019)),Social expenditure on unemployment (% of GDP) (OECD Stats (2019)),Social expenditure on active labor market policies (% of GDP) (OECD Stats (2019)),Code_y,Social Expenditure %GDP - (OWID extrapolated series)_x,Code_x,Expense (% of GDP),Code_y,Social Expenditure %GDP - (OWID extrapolated series)_y,Social Expenditure %GDP - OECD (1985),Social Expenditure %GDP - OECD (SOCX),Social Expenditure %GDP - Lindert_Historical (2004),Social Expenditure %GDP - Lindert_OECD_Old (2004),Social Expenditure %GDP - Lindert_OECD_New (2004),immigrationByCountry_immigrants,immigrationByCountry_percPop,immigrationByCountry_emigrants
Afghanistan,4940,0.29,,,,,,,,,,350,59.9,24.3,1760,1670,,,,51300000000,8.04,0.382,0.248,36.8,0.278,6,0.0275,29200000,0.006027397,0.016917808,0.00119863,24,458.3445658,,,,,,AFG,21.11169652,2026.1638,28189672,,AFG,2.26,AFG,21.11169652,,,,,,,AFG,17.06756,AFG,23.280115,,,,,,,,,,,,,,,AFG,50.863003,,,,,,,,144098,0.37,5853838
Albania,68.4,1.56,,1940,,729,0.203,,,,,,77.6,113,195,9930,,,,28500000000,3.36,0.735,0.586,29.5,0.444,3,-0.00496,2950000,0.006610169,0.002318644,,36,4318.911492,288.7,97.86440677966101,,,,ALB,33.38815055,10751.421,2913402,,ALB,8.09,ALB,33.38815055,,,ALB,2.442,,,ALB,11.485734,,,,,,,,,,,,,,,,,,,,,,,,,,48810,1.7,1250451
Algeria,447,3.31,0.00858,1020,,1110,0.00042,2,,0.411,2.04,,76.3,85.6,1290,12900,,,,4.43E+11,3.57,0.441,0.344,28.5,0.278,5,0.0181,36000000,0.003583333,0.001241667,,33,3264.69429,9145.8,254.05,,,,DZA,37.19326647,11007.747,35856348,,DZA,9.54,DZA,37.19326647,,,,,,,,,,,,,,,,,,,,,,,,,,,,,,,,,,250378,0.57,2022337
Andorra,0.54,6.12,,,,,,,,,,,82.3,,7.76,39000,,,,2810000000,-3.43,,,40,,1,-0.000166,84500,0.009183432,0.000639053,,,,,,,,,AND,,,71542,,AND,19.72,,,,,,,,,,,,,,,,,,,,,,,,,,,,,,,,,,,,45574,58.98,11132
Angola,978,1.24,,206,,521,0.0159,,,,3.87,,59.9,38.9,1100,6360,,,,1.34E+11,3.45,0.324,0.332,42.9,0.444,5,0.0367,23400000,0.004700855,0.004179487,,33,2051.814728,1622.8,69.35042735042735,,,,AGO,39.11530214,7691.1313,23364196,,AGO,4.25,AGO,39.11530214,,,,,,,AGO,8.68477,AGO,36.137157,,,,,,,,,,,,,,,AGO,25.649176,,,,,,,,656434,2,668066
Antigua and Barbuda,4.93,5.96,,,,,,,,,,,76.6,87.6,2.07,20700,,,,1770000000,-7.58,,,40,,2,0.0147,88000,0.002352273,0.005602273,,,,,,,,,ATG,,18702.09,85710,,ATG,13.9,,,,,,,,,,,,,,,,,,,,,,,,,,,,,,,,,,,,,,
Argentina,2390,4.6,0.0308,2880,,1930,0.0715,0.875,0.0153,0.681,0.809,,75.8,131,4650,18900,0.022,0.053,0.127,6.37E+11,8.88,0.794,0.684,43,0.556,2,0.00752,40900000,0.011369193,0.005843521,,38,9813.558914,2577.6,63.02200488997555,,,,ARG,42.00562,23521.27,41100124,,ARG,16.69,ARG,42.00562,,,ARG,5.572,,,ARG,15.04797,,,,,,,,,,,,,,,,,,,,,,,,,,2281728,5.05,1076148
Armenia,128,1.47,,1730,,863,0.0711,,0.0692,,,350,74,112,232,6700,0.019,0.205,0.634,20300000000,1.42,0.588,0.409,29.2,0.389,4,-0.00374,2880000,0.008055556,0.004444444,0.012152778,46,3859.70294,795.2,276.1111111111111,,,,ARM,27.07300693,9068.788,2946296,,ARM,6.44,ARM,27.07300693,,,,,,,ARM,12.40051,ARM,23.595312,,,,,,,,,,,,,,,ARM,22.997362,,,,,,,,190349,6.42,958190
Australia,308,17.6,2.23,10700,0.0146,5790,0.0481,2.05,,1.98,1.11,150,82,126,2630,41500,0.003,0.007,0.007,9.16E+11,3.14,1,0.922,33.6,0.778,1,0.0156,22200000,0.011846847,0.001387387,0.000675676,75,43990.13708,32298.9,1454.9054054054054,15484.24,AUS,13.05,AUS,38.40038,44965.395,22019166,,AUS,16.08,AUS,38.40038,AUS,9.26,AUS,5.781,,,AUS,14.324,AUS,10.286548,AUS,26.8,AUS,2.559,5.796,0.373,2.3329999,4.289,0.249,0.16500001,0.50400001,0.32699999,AUS,16.706,AUS,26.711231,AUS,16.706,,16.706,,,,7685860,30.14,598765
Austria,73.6,8.03,0.402,8380,0.00133,4050,0.393,,,1.59,,60,80.6,132,1470,43300,0.005,0.006,0.008,3.52E+11,2.04,0.912,0.849,30.7,0.778,1,0.0024,8410000,0.017479191,0.000875149,0.000713436,71,41596.61338,3625.6,431.10582639714625,22243.16,AUT,13.71,AUT,55.17099,51843.43,8362829,,AUT,14,AUT,55.17099,AUT,10.44,AUT,7.63,AUT,43.548386,AUT,10.78913,AUT,10.992451,AUT,40.42,AUT,2.9530001,6.461,0.156,2.3280001,11.584,0.38100001,1.892,0.995,0.81400001,AUT,27.577,AUT,46.42681,AUT,27.577,,27.577,,,,1738183,19.3,600740
Azerbaijan,351,3.4,6e-05,1600,,1280,0.0323,1.5,,0.356,5.63,350,69.3,43.4,400,16200,,,,1.46E+11,5.17,0.471,0.315,32.2,0.333,5,0.0119,9030000,0.004429679,0.003887043,0.003875969,23,3372.911412,2991,331.2292358803987,,,,AZE,31.76673568,14082.238,9237203,,AZE,3.16,AZE,31.76673568,,,,,,,AZE,8.70084,AZE,17.908276,,,,,,,,,,,,,,,AZE,20.872482,,,,,,,,252228,2.49,1163922
Bahamas,81.5,4.66,,,,,,,,,,350,73.4,119,11.3,29700,,,,7720000000,0.396,,,43.7,,1,0.0152,355000,0.003183099,0.022957746,0.098591549,64,,,,,,,BHS,,34688.094,373277,,BHS,15.44,,,,,,,,,BHS,16.61,BHS,48.006218,,,,,,,,,,,,,,,BHS,15.393415,,,,,,,,63583,16.17,53793
Bahrain,23.3,23.6,,18000,,10200,,9.49,,,,,78.2,,89.3,40600,,,,50500000000,6.11,0.353,0.349,40,0.278,5,0.046,1240000,0.007201613,0.001879032,,44,18979.43766,1381.3,1113.9516129032259,,,,BHR,35.27861111,45600.066,1213655,,BHR,7.47,BHR,35.27861111,,,,,,,BHR,11.7,,,,,,,,,,,,,,,,,,,,,,,,,,936094,55.01,58270
Bangladesh,4390,0.406,0.00532,247,,207,0.00096,0.118,,0.0257,,,69.5,21.9,12200,2520,0.196,0.604,0.877,3.18E+11,6.4,0.706,0.587,32.3,0.444,4,0.0112,148000000,0.008243243,0.002966216,,25,1606.078875,4806.3,32.475,,,,BGD,16.71956462,3395.3647,148391136,,BGD,4.44,BGD,16.71956462,,,,,,,BGD,21,BGD,21.26352,,,,,,,,,,,,,,,BGD,9.266251,,,,,,,,2115408,1.28,7401763
Barbados,28.8,5.24,,,,,,,,,,60,76.7,161,15.1,16300,,,,4190000000,0.198,,,43.9,,1,0.00365,282000,0.00535461,0.010212766,0.021276596,65,15472.41481,,,,,,BRB,,16019.508,274717,,BRB,10.74,,,,,,,,,BRB,18.09633,BRB,28.4385,,,,,,,,,,,,,,,BRB,34.353035,,,,,,,,34869,12.13,99611
Belarus,909,6.69,0.0681,3560,,2900,0.0004,,,0.789,,,70.4,102,3450,16300,0,0.002,0.034,1.5E+11,7.5,0.353,0.334,27.6,0.333,6,-0.0017,9420000,0.036624204,0.009649682,,39,5205.002515,820.8,87.13375796178345,,,,BLR,44.04615213,17300.703,9731426,,BLR,8.69,BLR,44.04615213,,,,,,,BLR,11.77813,BLR,11.937355,,,,,,,,,,,,,,,BLR,30.20748,,,,,,,,1067090,11.29,1483626
Belgium,163,10.1,0.344,8390,0.00143,5540,0.0025,,0.385,2.99,,60,80.1,156,2310,41100,0.001,0.002,0.004,4.26E+11,2.09,0.941,0.805,28.2,0.556,1,0.00914,10900000,0.021192661,0.001495413,0.000550459,73,39066.43551,6867,630,21428.16,BEL,14.05,BEL,56.41521,47972.56,10877948,,BEL,14.44,BEL,56.41521,BEL,11.75,BEL,7.783,,,BEL,11.95765,BEL,6.3266287,BEL,35.17,BEL,2.8110001,7.6820002,0.215,2.5090001,8.0109997,0.796,1.992,3.5079999,0.76099998,BEL,28.302,BEL,43.57957,BEL,28.302,,28.302,,,,2005479,17.3,577463
Belize,67.2,1.67,,,,,,,,,,350,73.6,123,20.8,7850,,,,2550000000,3.27,,,53.3,,2,0.0245,322000,0.006459627,0.020869565,0.108695652,,3778.55537,23.7,73.60248447,,,,BLZ,,8988.865,322115,,BLZ,12.8,,,,,,,,,BLZ,22.75578,BLZ,40.45278,,,,,,,,,,,,,,,BLZ,19.839632,,,,,,,,62043,15.6,52756
Benin,271,0.553,,95.4,,397,,,,,,,61.4,14.6,698,1820,,,,14500000000,2.55,0.647,0.617,42.4,0.5,2,0.0281,9200000,0.007586957,0.002945652,,43,1053.587306,97.2,10.565217391304348,,,,BEN,20.99185393,2634.1348,9445716,,BEN,5.15,BEN,20.99185393,,,,,,,BEN,26.14396,,,,,,,,,,,,,,,,,,,,,,,,,,394276,3.25,681827
Bhutan,10.5,0.711,,,,,,,,,,60,71.6,,44.8,6810,,,,4740000000,11.7,0.353,0.468,38.5,0.389,5,0.0105,686000,0.006530612,0.001530612,0.008746356,68,2610.617204,,,,,,BTN,47.30484433,7958.227,705523,,BTN,6.48,BTN,47.30484433,,,,,,,BTN,11.79369,BTN,38.07506,,,,,,,,,,,,,,,BTN,22.229689,,,,,,,,53612,6.95,51998
Bolivia,636,1.51,,597,,636,0.0189,1.29,,,,1700,70.8,70.6,641,5340,,,,52600000000,3.77,0.735,0.592,48.1,0.556,3,0.0164,10000000,0.00641,0.00636,0.017,31,2895.794799,640.3,64.03,,,,BOL,32.72975,6499.8184,10223277,,BOL,9.71,BOL,32.72975,,,,,,,BOL,18.2,,,,,,,,,,,,,,,,,,,,,,,,,,164121,1.41,927244
Bosnia and Herzegovina,123,5.74,,3160,,1750,0.183,,,,,,76.3,53.8,300,9760,,,,34200000000,0.706,0.765,0.532,33,0.333,3,-0.00819,3710000,0.008086253,0.003315364,,34,4942.000426,184.5,49.73045822102426,,,,BIH,51.36000559,10637.086,3811093,,BIH,12.6,BIH,51.36000559,,,,,,,,,BIH,28.216991,,,,,,,,,,,,,,,BIH,39.163345,,,,,,,,36042,1.1,1687639
Botswana,297,2.36,,1560,,1080,,,,,,,60.2,93.4,320,13200,,,,27000000000,7.11,0.941,0.763,60.8,0.556,2,0.0171,1990000,0.016080402,0.014924623,,60,5389.770873,489.3,245.87939698492463,,,,BWA,36.7099432,12653.371,2091666,,BWA,8.06,BWA,36.7099432,,,,,,,,,BWA,41.35296,,,,,,,,,,,,,,,BWA,33.515606,,,,,,,,110268,4.69,63561
Brazil,57500,2.14,0.0735,2370,,1360,0.178,0.0667,0.00641,0.644,0.567,15000,74.4,117,12700,14600,,,,2.74E+12,7.53,0.912,0.712,53.3,0.5,2,0.00938,196000000,0.006479592,0.029336735,0.007653061,38,7737.671235,20210.8,103.11632653061224,,,,BRA,45.73496,14824.741,196353504,,BRA,8.97,BRA,45.73496,,,BRA,3.577,,,BRA,14.15986,BRA,13.638643,,,,,,,,,,,,,,,BRA,30.701452,,,,,,,,1079708,0.51,1897128
Brunei,4.89,21.1,,8810,,8340,,28.4,,,21.7,,75.1,136,16.9,80600,,,,28000000000,2.64,,,40,,5,0.0123,389000,0.004344473,0.001257069,,,,435.9,1120.5655526992289,,,,BRN,40.08620179,66484.24,396064,,BRN,5.78,BRN,40.08620179,,,,,,,BRN,5.30208,,,,,,,,,,,,,,,,,,,,,,,,,,,,
Bulgaria,222,5.94,0.931,4560,,2420,0.058,,0.175,0.525,,350,73.8,72.2,1120,15300,0.019,0.042,0.11,1.12E+11,0.531,0.882,0.684,34.7,0.611,2,-0.00658,7430000,0.015074024,0.002987887,0.004710633,43,7755.416718,1336,179.81157469717363,,,,BGR,38.656982,18163.873,7592271,,BGR,10.85,BGR,38.656982,,,BGR,3.932,BGR,26.88889,BGR,11.16342,BGR,19.945356,,,,,,,,,,,,,,,BGR,31.65568,,,,,,,,184363,2.65,1683626
Burkina Faso,144,0.126,,,,,,,,,,,58.3,13.3,906,1420,,,,23400000000,7.88,0.441,0.359,38.8,0.222,3,0.0302,15600000,0.005807692,0.000923077,,42,678.4211503,562.6,36.06410256410256,,,,BFA,25.35808158,1661.8721,16116851,,BFA,6.03,BFA,25.35808158,,,,,,,BFA,16.17282,BFA,46.384544,,,,,,,,,,,,,,,BFA,10.594597,,,,,,,,723989,3.46,1599347
Burundi,93.1,0.0245,,,,,,,,,,,57.8,,713,734,,,,6030000000,3.98,0.382,0.401,36,0.389,5,0.0326,8680000,0.008214286,0.001072581,,17,170.1566317,101.4,11.682027649769585,,,,BDI,41.54593716,804.3549,9126612,,BDI,4.86,BDI,41.54593716,,,,,,,BDI,16.5881,,,,,,,,,,,,,,,,,,,,,,,,,,344767,2.9,551105
Cambodia,595,0.35,,144,,370,0.00016,,,,,1500,67.1,51.3,825,2520,,,,35300000000,6.25,0.441,0.487,42,0.278,5,0.0154,14300000,0.005769231,0.004160839,0.01048951,24,1274.772659,611,42.72727272727273,,,,KHM,20.1822284,2706.9917,14363534,,KHM,6.52,KHM,20.1822284,,,,,,,KHM,7.33747,KHM,35.74739,,,,,,,,,,,,,,,KHM,10.632768,,,,,,,,79341,0.47,1104819
Cameroon,741,0.333,,261,,342,0.0187,,,,,,57.7,26.4,1820,2880,,,,48300000000,3.03,0.382,0.341,44.5,0.278,6,0.0275,20300000,0.008965517,0.003650246,,26,1285.705185,416.6,20.52216748768473,,,,CMR,18.84984716,3298.6245,19878044,,CMR,2.68,CMR,18.84984716,,,,,,,CMR,18.75389,,,,,,,,,,,,,,,,,,,,,,,,,,579209,2.18,441015
Canada,555,15.7,0.725,15300,0.0116,7790,0.888,3.81,0.229,2.96,4.69,350,81.4,126,4340,40700,0.002,0.002,0.005,1.35E+12,2.98,1,0.908,33.7,0.778,1,0.0111,34100000,0.012727273,0.001627566,0.001026393,74,37633.85946,26896.3,788.7478005865103,17614.789,CAN,14.83,CAN,47.52163,44861.523,33963416,,CAN,17.36,CAN,47.52163,CAN,9.99,CAN,7.483,CAN,28.181816,CAN,12.33596,CAN,11.209901,,,CAN,1.266,7.2670002,0.42699999,0.88,3.9170001,2.2750001,0.37799999,0.792,0.32699999,CAN,17.547,CAN,19.084707,CAN,17.547,,17.547,,,,8049323,21.33,1292329
Cape Verde,75.8,1.13,,,,,,,,,,,74.3,58,77.6,5940,,,,2970000000,4.68,0.912,0.794,47.2,0.667,1,0.0122,493000,0.015740365,0.015375254,,,,10.3,20.892494929006084,,,,CPV,40.368065,5860.4985,521219,,CPV,7.23,CPV,40.368065,,,,,,,CPV,14.2169,CPV,42.956886,,,,,,,,,,,,,,,CPV,25.595228,,,,,,,,15788,2.84,187558
Central African Republic,297,0.0602,,,,,,,,,,,48,23.3,406,982,,,,4020000000,2.46,0.265,0.182,56.2,0.111,5,0.0113,4390000,0.009248292,0.006765376,,24,376.7930564,42,9.567198177676538,,,,CAF,19.58315451,1130.8958,4660066,,CAF,3.39,CAF,19.58315451,,,,,,,CAF,6.47538,CAF,24.718338,,,,,,,,,,,,,,,CAF,16.336664,,,,,,,,88546,1.83,816668
Chad,346,0.0433,,,,,,,,,0.539,,56.4,25.3,581,1920,,,,21700000000,13.2,0.324,0.152,42.8,0,6,0.0333,12000000,0.004841667,0.002883333,,19,509.9980713,357.4,29.783333333333335,,,,TCD,31.15664304,1741.054,11894734,,TCD,3.5,TCD,31.15664304,,,,,,,TCD,8.11928,,,,,,,,,,,,,,,,,,,,,,,,,,547494,3.33,222303
Chile,789,4.23,0.264,3310,0.00056,1810,0.109,,,0.942,,,78.6,133,2120,19400,,,,3.29E+11,5.73,0.941,0.767,48.2,0.389,1,0.0104,17100000,0.012397661,0.004614035,,67,12169.23461,5566.5,325.5263157894737,,,,CHL,25.666872,21225.104,17004166,,CHL,13.68,CHL,25.666872,,,CHL,3.999,,,CHL,17.85331,CHL,20.815058,,,CHL,1.48,3.191,1.003,0.80800003,2.6889999,0.32600001,0.72100002,0.191,0.109,CHL,10.466,CHL,20.208183,CHL,10.466,,10.466,,,,1645015,8.61,643800
China,23400,6.41,1.29,2940,,1950,0.0463,0.0656,0.00474,0.33,0.149,,75.8,17.9,151000,9500,0.112,0.285,0.534,1.28E+13,7.34,0.118,0.314,42.5,0.389,6,0.00483,1370000000,0.011021898,0.001708029,,45,7378.394948,291958.4,213.10832116788322,,,,CHN,23.133888,8884.588,1348191360,,CHN,8.75,CHN,23.133888,,,CHN,2.177,,,CHN,14.96209,,,,,,,,,,,,,,,,,,,,,,,,,,1039675,0.07,10461170
Colombia,18000,1.68,0.102,1090,,690,0.075,0.221,,0.26,0.902,11000,78.1,150,2890,11000,0.077,0.183,0.383,4.99E+11,4.2,0.882,0.655,54.2,0.389,4,0.0105,45200000,0.006393805,0.039823009,0.024336283,39,5561.638957,9937.7,219.86061946902655,3680.4399,COL,11.93,COL,30.4603,11890.203,44816104,,COL,16.83,COL,30.4603,COL,9.22,COL,5.29,,,COL,15.92683,COL,18.361492,COL,26.79,,,,,,,,,,,,,COL,25.404385,,,,,,,,1905393,3.74,3024273
Comoros,47.8,0.234,,,,,,,,,,,66.5,,31.7,2430,,,,1100000000,2.05,0.382,0.341,49.6,0.333,4,0.0241,690000,0.004594203,0.006927536,,19,1391.139683,,,,,,COM,22.66115601,3025.5173,656032,,COM,2.72,COM,22.66115601,,,,,,,,,,,,,,,,,,,,,,,,,,,,,,,,,,12496,1.44,150823
"Congo, Dem. Rep.",2530,0.0313,,105,,307,0.0102,,,,,,57.9,,3600,660,,,,27400000000,7.19,0.176,0.215,42.1,0.222,6,0.0333,64600000,0.005572755,0.003916409,,,416.0297053,,,,,,,,,,,,,,,,,,,,,,,,,,,,,,,,,,,,,,,,,,,,,,,,,,
"Congo, Rep.",182,0.463,,140,,392,0.00915,,,,3.66,,59.8,37.1,251,5320,,,,22100000000,8.71,0.324,0.289,48.6,0.333,5,0.0305,4270000,0.00587822,0.004262295,,,866.137916,,,,,,,,,,,,,,,,,,,,,,,,,,,,,,,,,,,,,,,,,,,,,,,,,,
Costa Rica,367,1.65,,1890,,1020,0.134,,,,,350,79.4,150,325,12900,0.015,0.04,0.129,57100000000,7.59,0.941,0.804,48.9,0.611,1,0.0125,4580000,0.00709607,0.0080131,0.007641921,54,11047.9372,0,0,4970.6602,CRI,5.5,CRI,21.78994,16667.016,4622250,,CRI,31.74,CRI,21.78994,CRI,3.68,CRI,5.871,CRI,6.5346518,CRI,22.88089,CRI,47.950462,,,,,,,,,,,,,,,CRI,25.613628,,,,,,,,520729,10.22,150241
Cote d'Ivoire,420,0.339,,215,,495,0.00705,,,,,,57.4,27.1,1680,2670,,,,54300000000,3,0.353,0.302,42.7,0.278,6,0.0233,20500000,0.008195122,0.00204878,,37,2098.79471,607.2,29.619512195121953,,,,CIV,23.71541241,3673.1814,21120040,,CIV,4.06,CIV,23.71541241,,,,,,,CIV,22.77275,CIV,43.582,,,,,,,,,,,,,,,CIV,10.625244,,,,,,,,,,
Croatia,73.9,4.66,,3920,,2190,0.163,,,,,60,76.8,148,868,20800,0.012,0.023,0.062,89100000000,-2.2,0.824,0.681,32.2,0.556,2,-0.00227,4330000,0.020046189,0.001706697,0.001385681,50,12673.84863,1308.5,302.19399538106234,,,,HRV,45.36796548,24590.521,4368680,,HRV,13.81,HRV,45.36796548,,,HRV,6.853,HRV,37.854248,HRV,8.73835,HRV,16.086712,,,,,,,,,,,,,,,HRV,41.730164,,,,,,,,528056,12.86,1039526
Cuba,620,3.42,,1300,,1100,0.00074,,,,,150,78.3,165,1670,6700,,,,2.06E+11,2.39,0.294,0.352,43.3,0.389,6,-7.81E-05,11200000,0.014910714,0.005535714,0.001339286,45,7638.541524,,,,,,CUB,,,11290420,,CUB,13.87,,,,,,,,,,,,,,,,,,,,,,,,,,,,,,,,,,,,3024,0.03,1757300
Cyprus,17.6,6.93,,4590,,2200,,,,,,,80.1,88.7,46.7,33900,0,0.001,0.001,35200000000,0.00511,0.912,0.729,32.4,0.611,1,0.0131,1110000,0.004207207,0.001585586,,52,24782.80273,494.2,445.22522522522524,,,,CYP,48.41576707,38405.41,1129693,,CYP,7.13,CYP,48.41576707,,,CYP,3.007,,,CYP,15.64949,CYP,34.674263,,,,,,,,,,,,,,,CYP,38.971535,,,,,,,,190366,15.77,173210
Czech Republic,161,10.6,1.78,6350,0.003,4240,0.0228,,0.229,0.872,,,77.7,111,1710,28400,0,0.001,0.008,2.79E+11,2.63,0.941,0.819,26.3,0.667,1,0.00291,10500000,0.016285714,0.001533333,,,,,,,,,,,,,,,,,,,,,,,,,,,,,,,,,,,,,,,,,,,,,,,,,,,540921,5.05,1026108
Denmark,55.5,8.4,0.69,6330,0.00418,3510,0.00033,1.32,,1.5,2.19,,79.3,147,755,44000,0.001,0.001,0.002,2.31E+11,1.61,0.971,0.952,26.8,0.889,1,0.00444,5550000,0.013603604,0.001,,90,52848.81876,5467.9,985.2072072072073,24419.391,DNK,14.38,DNK,60.34815,50825.414,5550850,,DNK,15.29,DNK,60.34815,DNK,11.09,DNK,8.939,,,DNK,15.10334,DNK,11.043787,DNK,43.82,DNK,3.766,6.559,0.67299998,5,9.3970003,1.152,1.456,0,2.0220001,DNK,28.941,DNK,42.268604,DNK,28.941,,28.941,,,,717574,12.39,257025
Djibouti,66.9,0.615,,,,,,,,,,,63.8,83.4,34.5,2670,,,,2110000000,2.59,0.265,0.22,44.1,0.111,5,0.0148,840000,0.004107143,0.007964286,,30,2399.449032,,,,,,DJI,36.33771298,,919206,,DJI,6.97,DJI,36.33771298,,,,,,,DJI,12.3284,,,,,,,,,,,,,,,,,,,,,,,,,,119738,12.12,18365
Dominica,6.54,1.97,,,,,,,,,,,73.6,122,2.91,10300,,,,654000000,0.546,,,40,,1,0.000381,70900,0.004104372,0.00922426,,55,6623.907698,,,,,,DMA,,12335.11,68775,,DMA,7.44,,,,,,,,,,,,,,,,,,,,,,,,,,,,,,,,,,,,8284,11.51,78191
Dominican Republic,1360,2.17,,1390,,777,0.0155,,,,,2000,74,90.1,507,11400,0.025,0.12,0.317,1.04E+11,7.25,0.824,0.62,47.2,0.278,2,0.0123,9700000,0.005226804,0.014020619,0.020618557,32,7123.862631,760.8,78.43298969072166,,,,DOM,17.99727,12677.018,9775756,,DOM,15.93,DOM,17.99727,,,,,,,DOM,14.8493,DOM,37.20639,,,,,,,,,,,,,,,DOM,14.208767,,,,,,,,603794,5.57,1608567
Ecuador,2470,2.43,0,1140,,784,0.0513,,,0.688,1.75,2100,74.7,49,1240,9310,0.056,0.147,0.343,1.3E+11,3.19,0.765,0.577,47.8,0.5,3,0.0159,15000000,0.008266667,0.016466667,0.014,36,4850.104554,2488.6,165.90666666666667,,,,ECU,,10355.822,14989581,,ECU,8.17,,,,,,,,,ECU,12.99656,,,,,,,,,,,,,,,,,,,,,,,,,,784787,4.45,1127891
Egypt,611,2.45,0.00552,1580,,877,0.0138,0.656,,0.432,0.416,,69.4,81.2,2840,10000,0.017,0.214,0.68,8.66E+11,4.55,0.353,0.307,31.2,0.278,5,0.0198,82800000,0.003429952,0.000737923,,30,,4645.9,56.10990338164251,,,,EGY,38.67567462,9807.836,87252416,,EGY,4.36,EGY,38.67567462,,,,,,,EGY,11.29753,EGY,24.804739,,,,,,,,,,,,,,,EGY,28.860252,,,,,,,,543937,0.53,3610461
El Salvador,3680,1.04,,857,,687,0.0289,,,,,350,73.4,108,582,6280,0.055,0.179,0.413,44800000000,1.5,0.824,0.647,44.1,0.389,3,0.00424,6180000,0.009417476,0.059546926,0.00566343,33,3325.378256,422.4,68.34951456,,,,SLV,,7412.978,6114039,,SLV,17.36,,,,,,,,,SLV,15.81841,SLV,38.26329,,,,,,,,,,,,,,,SLV,24.145811,,,,,,,,42767,0.66,1599058
Equatorial Guinea,28.3,4.96,,,,,,,,,13.3,,62.2,,42.8,34000,,,,25800000000,-1.32,0.176,0.184,40,0.167,7,0.0456,944000,0.004533898,0.002997881,,17,3643.315805,156.8,166.10169491525423,,,,GNQ,42.15619886,29944.262,1094538,,GNQ,1.46,GNQ,42.15619886,,,,,,,,,GNQ,17.141808,,,,,,,,,,,,,,,GNQ,5.623251,,,,,,,,230618,16.44,128774
Eritrea,382,0.162,,85.8,,234,,,,,,,58.6,,295,1960,,,,5680000000,2.13,0.206,0.231,40,0.111,7,0.0161,3170000,0.009305994,0.012050473,,22,,,,,,,ERI,37.87415283,,3147733,,ERI,2.35,ERI,37.87415283,,,,,,,,,,,,,,,,,,,,,,,,,,,,,,,,,,13934,0.39,802822
Estonia,86.8,13.6,,6510,0.00365,4220,0.00173,,,,,,76,126,277,22700,0.008,0.017,0.042,28700000000,3.31,0.882,0.768,32.2,0.5,1,-0.00228,1330000,0.020827068,0.006526316,,74,19086.7926,810.9,609.6992481203008,8748.2998,EST,13.52,EST,44.81960706,26015.746,1331535,,EST,11.65,EST,44.81960706,EST,8.68,EST,4.826,,,EST,13.70024,EST,16.311304,EST,35.17,EST,2.5610001,4.756,0.048999999,2.2880001,7.5900002,0.14300001,0.103,0.58700001,0.22499999,EST,18.321,EST,37.87912,EST,18.321,,18.321,,,,199277,15.02,206631
Ethiopia,8700,0.0751,,48.3,,487,0.00511,,,,,,62.9,16.1,5940,1080,0.335,0.731,0.931,88100000000,12,0.441,0.368,32.7,0.444,6,0.0278,87600000,0.006780822,0.009931507,,38,638.6801047,1031.4,11.773972602739727,,,,ETH,19.042787,1236.4794,89237800,,ETH,5.11,ETH,19.042787,,,,,,,ETH,26.30404,ETH,14.464349,,,,,,,,,,,,,,,ETH,12.503198,,,,,,,,1085517,0.94,946129
Fiji,42.3,1.42,,,,,,,,,,60,67.4,99.5,97,7350,,,,6320000000,0.371,0.647,0.362,39.4,0.333,4,0.00721,860000,0.01127907,0.004918605,0.006976744,53,4868.934128,66.8,77.67441860465117,,,,FJI,30.59293438,10019.412,905176,,FJI,8.79,FJI,30.59293438,,,,,,,FJI,20.8387,FJI,38.366795,,,,,,,,,,,,,,,FJI,23.835045,,,,,,,,14087,1.57,233856
Finland,107,11.6,1.26,16500,0.0032,6830,0.207,,0.365,1.97,,,80.2,84.4,1090,39800,0,0.001,0.001,2.03E+11,3.31,0.971,0.919,27.5,0.722,1,0.00457,5370000,0.020297952,0.001992551,,87,40900.78716,4822.9,898.1191806331472,21251.369,FIN,17.2,FIN,56.49507,45874.66,5363279,,FIN,13.32,FIN,56.49507,FIN,13.53,FIN,7.047,FIN,45.790554,FIN,12.06609,FIN,8.543161,FIN,41.65,FIN,3.1199999,5.2789998,0.49399999,3.8989999,10.025,0.69499999,0.89099997,1.938,1.001,FIN,27.417,FIN,38.383038,FIN,27.417,,27.417,,,,386052,6.97,311889
France,659,5.61,0.183,7730,0.00216,4020,0.0849,,0.587,1.34,,1300,81.4,104,12900,36800,0.001,0.001,0.003,2.25E+12,1.73,0.853,0.777,33.2,0.611,1,0.00494,62900000,0.020508744,0.001047695,0.002066773,72,34876.74754,53638.7,852.7615262321144,20351.811,FRA,15.07,FRA,59.06962,42145.684,62444568,,FRA,13.9,FRA,59.06962,FRA,10.92,FRA,8.561,,,FRA,9.947993,FRA,18.471506,FRA,41.87,FRA,2.9260001,8.533,0.82499999,1.605,11.96,0.77600002,1.686,1.599,1.126,FRA,30.664,FRA,49.324036,FRA,30.664,,30.664,,,,8524876,13.06,2341908
Gabon,75.8,2.96,,957,,3130,0.0462,,,,7.58,,62.8,44.4,115,15500,,,,28900000000,25.1,0.382,0.329,40.5,0.389,5,0.0346,1620000,0.007098765,0.004679012,,29,4727.970446,277.7,171.41975308641975,,,,GAB,24.14866064,13682.848,1711117,,GAB,6.81,GAB,24.14866064,,,,,,,GAB,13.33042,,,,,,,,,,,,,,,,,,,,,,,,,,416651,18.72,48392
Gambia,21.5,0.241,,,,,,,,,,,63.6,69.2,55.8,1550,0.251,0.53,0.804,2850000000,6.53,0.324,0.338,43.9,0.222,5,0.03,1790000,0.003117318,0.001201117,,34,,,,,,,GMB,27.12634081,2172.1938,1937284,,GMB,6.13,GMB,27.12634081,,,,,,,GMB,17.61123,,,,,,,,,,,,,,,,,,,,,,,,,,,,
Georgia,167,1.54,,2050,,825,0.185,,,,,150,72.8,85.3,300,6980,0.122,0.311,0.612,25900000000,4.52,,,38.9,,3,-0.00729,4100000,0.007317073,0.004073171,0.003658537,56,3864.344408,360.3,87.87804878,,,,GEO,34.05329972,9736.732,3836834,,GEO,6.15,GEO,34.05329972,,,,,,,GEO,8.995471,GEO,17.901224,,,,,,,,,,,,,,,GEO,25.433058,,,,,,,,79368,1.99,861077
Germany,733,9.39,0.953,7260,0.00157,4000,0.0213,0.118,0.147,1.43,,,80.4,137,12000,40400,0,0.002,0.002,3.27E+12,4.04,0.912,0.838,30.6,0.722,1,-0.00153,80800000,0.014851485,0.000907178,,79,40746.2168,55759.7,690.0952970297029,18899.02,DEU,14.8,DEU,50.37268,46999.24,81325088,,DEU,17.45,DEU,50.37268,DEU,12.5,DEU,9.236,,,DEU,10.26904,DEU,5.518601,DEU,42.12,DEU,2.1530001,7.941,0.65899998,1.9960001,8.5959997,0.141,2.046,1.47,0.89499998,DEU,25.922,DEU,31.366713,DEU,25.922,,25.922,,,,15762457,18.81,3855268
Ghana,974,0.402,,277,,299,0.0247,,,,,,61.6,35.8,1230,3030,,,,74700000000,6.62,0.676,0.602,42.5,0.5,2,0.0249,24800000,0.004959677,0.003927419,,43,1682.715016,229.3,9.245967741935484,,,,GHA,27.22367,3709.3958,25574722,,GHA,11.92,GHA,27.22367,,,,,,,GHA,20.69614,GHA,35.725117,,,,,,,,,,,,,,,GHA,20.157505,,,,,,,,476412,1.53,1004324
Greece,133,7.7,0.687,5330,0.00081,2480,0.0565,,,1.58,,150,80.3,77.3,485,28700,0.01,0.013,0.024,3.32E+11,-4.94,0.941,0.792,34.5,0.667,2,0.00129,10900000,0.004449541,0.001220183,0.001376147,52,16524.37771,8104.9,743.5688073394496,14800.13,GRC,13.01,GRC,56.05274,33693.21,11033784,,GRC,12.49,GRC,56.05274,GRC,9.32,GRC,6.613,GRC,35.632187,GRC,7.824027,GRC,21.52529,GRC,35.84,GRC,0.97000003,6.6009998,0.052999999,1.834,11.851,0.068999998,2.382,0.92900002,0.23100001,GRC,23.826,GRC,50.957054,GRC,23.826,,23.826,,,,1340456,12.86,1088507
Grenada,7.62,2.45,,,,,,,,,,,74.1,104,7.46,11000,,,,1220000000,-0.352,,,40,,2,0.00419,106000,0.007037736,0.007188679,,52,,,,,,,GRD,,12493.885,114058,,GRD,7.28,,,,,,,,,,,,,,,,,,,,,,,,,,,,,,,,,,,,7213,6.41,62204
Guatemala,5840,0.797,,542,,697,0.0197,,,,,2100,71.7,136,1030,6710,,,,98600000000,2.95,0.735,0.605,51.4,0.333,4,0.0217,14600000,0.007054795,0.04,0.014383562,24,3811.795522,430.6,29.493150684931507,,,,GTM,,7335.989,14543126,,GTM,14.25,,,,,,,,,GTM,19.29692,GTM,29.58088,,,,,,,,,,,,,,,GTM,12.857811,,,,,,,,84311,0.47,1368431
Guinea,324,0.255,,,,,,,,,,,57.4,35.5,562,1670,,,,11800000000,1.69,0.294,0.279,36,0.333,5,0.0226,10200000,0.005509804,0.003176471,,25,756.6202801,441.3,43.26470588235294,,,,GIN,31.69778699,1856.4902,10270728,,GIN,1.77,GIN,31.69778699,,,,,,,GIN,12.43832,,,,,,,,,,,,,,,,,,,,,,,,,,121437,0.92,550790
Guinea-Bissau,111,0.157,,,,,,,,,,,55.9,29.8,118,1430,0.671,0.845,0.934,1880000000,3.47,0.324,0.199,49.5,0.278,4,0.0257,1520000,0.007763158,0.007302632,,,645.5094649,24.5,16.11842105263158,,,,GNB,22.69927557,1697.4956,1567226,,GNB,5.6,GNB,22.69927557,,,,,,,GNB,9.06924,,,,,,,,,,,,,,,,,,,,,,,,,,17945,0.91,111790
Guyana,149,2.29,,,,,,,,,,350,68,110,232,5830,,,,4170000000,4.26,0.706,0.605,43.2,0.556,3,0.0023,749000,0.030974633,0.019893191,0.046728972,40,5533.35088,84.3,112.55006675567424,,,,GUY,,9831.81,747937,,GUY,7.52,,,,,,,,,GUY,11.83872,,,,,,,,,,,,,,,,,,,,,,,,,,31169,3.96,438413
Haiti,693,0.214,,24.5,,382,0.00152,,,,,5900,32.5,47.9,865,1510,,,,14900000000,-3.52,0.647,0.4,52.5,0.278,5,0.0153,9950000,0.008693467,0.006964824,0.059296482,17,1413.648386,12.6,1.2663316582914572,,,,HTI,28.139166,2932.279,9842883,,HTI,6.43,HTI,28.139166,,,,,,,,,,,,,,,,,,,,,,,,,,,,,,,,,,18884,0.17,1769671
Honduras,2540,0.959,,618,,549,0.0336,,,,,3000,72.8,127,260,3910,0.15,0.294,0.499,32500000000,3.67,0.676,0.576,54.4,0.444,4,0.0202,8320000,0.003125,0.030528846,0.036057692,23,2120.794303,477.5,57.39182692307692,,,,HND,28.642373,4790.1094,8450936,,HND,13.97,HND,28.642373,,,,,,,,,HND,55.666435,,,,,,,,,,,,,,,HND,22.748007,,,,,,,,39195,0.4,985077
Hungary,220,5.06,0.275,3880,0.0011,2570,0.00162,,0.136,0.674,,150,74.6,94,2570,22400,0.001,0.003,0.025,2.2E+11,1.23,0.853,0.721,28.8,0.5,1,-0.00226,9930000,0.025881168,0.002215509,0.001510574,42,13114.89715,2572.2,259.03323262839876,10623.81,HUN,13.83,HUN,53.61106,24477.576,9986832,,HUN,10.17,HUN,53.61106,HUN,10.15,HUN,4.994,HUN,47.43083,HUN,9.67724,HUN,11.958984,HUN,35.24,HUN,3.392,5.046,0.51700002,2.381,8.8769999,0.12,1.275,0.79699999,0.62900001,HUN,23.038,HUN,43.52724,HUN,23.038,,23.038,,,,584567,6.05,714420
Iceland,2.43,6.12,,51400,0.0143,17000,3.38,,,,,60,82.4,134,38.5,40100,0.001,0.002,0.002,12000000000,-3.67,0.971,0.965,28,0.889,1,-0.00144,320000,0.01203125,0.000759375,0.01875,74,58338.79314,0,0,18950.18,ISL,15.49,ISL,52.79968,47457.62,318346,,ISL,13.65,ISL,52.79968,ISL,12.05,ISL,6.678,ISL,37.688442,ISL,14.23122,ISL,20.51699,,,ISL,3.6370001,5.4809999,0.99900001,2.4909999,2.8299999,0.708,0.523,1.492,0.063000001,ISL,16.996,ISL,37.96215,ISL,16.996,,16.996,,,,65424,19.17,43251
India,47200,1.39,0.236,640,,562,0.00803,0.036,0.00184,0.126,0.0335,,66.7,59.9,217000,4450,,,,5.63E+12,11.2,0.941,0.728,34.9,0.444,3,0.0135,1230000000,0.017642276,0.003837398,,40,1721.43383,81363.2,66.14894309,1220.09,,,IND,31.8943,4213.363,1240613632,,IND,3.11,IND,31.8943,,,IND,0.862,,,IND,11.83368,IND,8.881341,,,,,,,,,,,,,,,IND,16.505136,,,,,,,,4878704,0.35,17869492
Indonesia,4540,1.77,0.163,636,,877,0.00634,0.318,,0.267,0.2,12000,69.7,39.3,8420,8460,0.157,0.481,0.778,1.93E+12,5.81,0.706,0.653,37.3,0.556,3,0.0134,242000000,0.003479339,0.001876033,0.004958678,34,3086.531414,8986.6,37.134710743801655,1423.97,,,IDN,19.64407,8212.635,244016176,,IDN,3.91,IDN,19.64407,,,,,,,IDN,16.65418,IDN,15.395261,,,,,,,,,,,,,,,IDN,14.012097,,,,,,,,355505,0.13,4601369
Iran,1810,7.77,0.0172,2660,,2770,0.0111,1.84,,1.12,2.84,8000,75.2,81.2,4930,18100,,,,1.16E+12,5.47,0.176,0.194,40.8,0.222,6,0.0114,73800000,0.006680217,0.002452575,0.010840108,25,,6846.6,92.77235772357723,,,,IRN,21.85853,15099.46,75373864,,IRN,12.52,IRN,21.85853,,,,,,,IRN,19.25691,,,,,,,,,,,,,,,,,,,,,,,,,,2797235,3.33,1325113
Iraq,2510,3.77,,1240,,1260,0.0129,0.0381,,,3.95,,73.5,52.5,2340,13200,,,,4.14E+11,6.34,0.5,0.4,29.2,0.611,6,0.0262,29700000,0.007878788,0.008451178,,23,4186.811401,4683.1,157.68013468013467,,,,IRQ,51.1986991,8178.305,31264880,,IRQ,4.81,IRQ,51.1986991,,,,,,,,,,,,,,,,,,,,,,,,,,,,,,,,,,365766,0.91,2077976
Ireland,40.5,8.79,0.429,5930,0.00044,3150,0.0115,,,1.65,,60,80.7,105,528,43500,0.005,0.008,0.015,1.9E+11,0.0596,1,0.879,32.4,0.778,1,0.00545,4550000,0.011604396,0.00089011,0.001318681,77,42183.73337,1164.3,255.8901098901099,28213.51,IRL,11.78,IRL,69.95995,53500.914,4524581,,IRL,12.29,IRL,69.95995,IRL,8.45,IRL,8.018,IRL,48.353554,IRL,9.32332,IRL,16.42979,IRL,25,IRL,3.6830001,8.0080004,0.74000001,2.3269999,4.9299998,0.30500001,0.47099999,3.2079999,0.89700001,IRL,22.389,IRL,62.359737,IRL,22.389,,22.389,,,,871256,17.64,734317
Israel,177,9.38,1.04,6950,0.0005,3040,0.00034,,,1.51,,60,81.8,75.5,602,29700,0.002,0.01,0.042,2.19E+11,4.95,0.529,0.748,41.9,0.833,2,0.0183,7350000,0.008190476,0.002408163,0.000816327,63,36392.82926,23406.1,3184.503401360544,11877.98,ISR,14.1,ISR,50.3437,34065.844,7328439,,ISR,10.73,ISR,50.3437,ISR,12.18,ISR,4.394,,,ISR,13.71627,ISR,22.712833,ISR,26.53,ISR,2.023,4.4380002,0.055,2.4849999,4.6300001,0.64200002,0.69999999,0.32100001,0.14300001,ISR,16.035,ISR,36.999146,ISR,16.035,,16.035,,,,1953575,22.57,358691
Italy,548,6.83,0.229,5490,0.00048,2930,0.0726,0.115,,1.22,0.0855,600,82,82.3,4620,36200,0.013,0.016,0.025,2.05E+12,1.73,0.853,0.783,34.5,0.611,2,0.00308,59300000,0.007790894,0.000924115,0.001011804,56,28817.68367,33489.7,564.7504215851601,17337.82,ITA,11.25,ITA,54.67111,42664.355,59822452,,ITA,14.01,ITA,54.67111,ITA,8.33,ITA,6.995,ITA,36.13282,ITA,8.68077,ITA,14.358833,ITA,39.8,ITA,1.3559999,7.0240002,0.029999999,1.7359999,13.044,0.264,2.503,0.82099998,0.42500001,ITA,27.629,ITA,42.752113,ITA,27.629,,27.629,,,,6386998,10.56,3258831
Jamaica,680,2.6,,1220,,951,0.00477,,,,,1800,75.8,137,74.3,8020,,,,23000000000,-1.47,0.882,0.721,45.5,0.5,3,0.00522,2810000,0.002644128,0.024199288,0.06405694,44,4959.744633,215.1,76.54804270462634,,,,JAM,,9700.027,2733904,,JAM,9.03,,,,,,,,,JAM,16.10294,JAM,38.388756,,,,,,,,,,,,,,,JAM,28.901745,,,,,,,,23629,0.8,1118931
Japan,893,9.11,0.9,8590,0.00075,3890,0.0559,,0.196,1.58,,150,83.1,69.4,31700,35800,0,0.002,0.005,4.36E+12,4.64,0.941,0.808,32.1,0.611,2,0.00018,129000000,0.024573643,0.000692248,0.000116279,73,31071.13945,45992.1,356.5279069767442,13908.85,JPN,15.47,JPN,42.45668,38069.957,128105432,,JPN,18.94,JPN,42.45668,JPN,11.73,JPN,7.425,,,JPN,8.417507,JPN,6.0312743,JPN,40.36,JPN,1.234,7.0770001,0.103,0.898,9.7790003,0.255,1.365,0.259,0.28600001,JPN,22.074,JPN,17.221746,JPN,22.074,,22.074,,,,2770996,2.19,808825
Jordan,230,2.92,,1850,,978,0.00085,,,,,,77.6,130,169,9390,0.001,0.021,0.181,69700000000,2.77,0.382,0.374,33.2,0.333,5,0.052,7260000,0.002327824,0.003168044,,47,3854.16045,2323.3,320.0137741046832,,,,JOR,32.54642357,11866.881,6931263,,JOR,17.02,JOR,32.54642357,,,,,,,JOR,8.1,JOR,52.130478,,,,,,,,,,,,,,,JOR,26.240332,,,,,,,,3457691,33.89,814909
Kazakhstan,2280,15.3,2.04,4730,,4230,0.043,0.966,,0.602,4.86,1200,68.4,72.7,5210,20100,0.001,0.019,0.182,3.16E+11,6.75,0.529,0.33,28.2,0.333,5,0.0141,16300000,0.03196319,0.01398773,0.007361963,36,6570.538673,1133,69.50920245398773,,,,KAZ,22.90716173,20751.258,16627839,,KAZ,8.21,KAZ,22.90716173,,,,,,,KAZ,16.931316,KAZ,7.2865257,,,,,,,,,,,,,,,KAZ,16.467833,,,,,,,,3732073,19.88,4203899
Kenya,3150,0.29,,148,,464,0.00727,,,,,,61.2,46.8,1770,2440,,,,82600000000,5.76,0.529,0.471,44.2,0.444,3,0.0272,42000000,0.004214286,0.0075,,32,1521.043933,1138.3,27.10238095238095,,,,KEN,32.8799025,3735.793,41517896,,KEN,7.32,KEN,32.8799025,,,,,,,KEN,20.55599,,,,,,,,,,,,,,,,,,,,,,,,,,1050147,1.95,535348
Kiribati,3.51,0.606,,,,,,,,,,,60.9,123,24.3,1750,,,,172000000,-0.479,,,37,,1,0.0196,103000,0.023592233,0.003407767,,,2868.257188,,,,,,KIR,90.61665046,1819.2013,108011,,KIR,10.45,KIR,90.61665046,,,,,,,,,,,,,,,,,,,,,,,,,,,,,,,,,,3126,2.62,5103
Kuwait,38.3,30,0,16800,,10700,,3.52,,6.99,41.1,,81.2,98.4,88.8,75400,,,,2.18E+11,-1.77,0.382,0.388,40,0.333,5,0.0588,2990000,0.0029699,0.001280936,,42,29983.76097,8244.1,2757.2240802675587,,,,KWT,43.29388808,59780.03,2943364,,KWT,5.04,KWT,43.29388808,,,,,,,KWT,7.87,,,,,,,,,,,,,,,,,,,,,,,,,,3110159,72.83,212271
Kyrgyz Republic,359,1.18,,1370,,505,0.167,,,,,350,69.7,69.8,724,2790,0.041,0.232,0.661,14800000000,-0.366,0.529,0.431,29.3,0.5,5,0.0119,5420000,0.013357934,0.006623616,0.006457565,,1070.438529,149.8,27.638376383763838,,,,,,,,,,,,,,,,,,,,,,,,,,,,,,,,,,,,,,,,,,,,,,,,
Lao,41,0.262,,,,,,,,,,350,63.8,16.3,629,4220,,,,24100000000,8.13,0.118,0.21,35.8,0.111,6,0.0162,6250000,0.010064,0.000656,0.0056,,,,,,,,,,,,,,,,,,,,,,,,,,,,,,,,,,,,,,,,,,,,,,,,,,,,
Latvia,181,3.81,,3230,,2150,0.134,,,,,600,73.2,98.3,554,18300,0.017,0.037,0.096,41700000000,0.619,0.912,0.705,35.6,0.556,2,-0.0208,2120000,0.026132075,0.008537736,0.028301887,59,13749.38887,848.8,400.37735849056605,7921.7202,LVA,12.38,LVA,44.75518111,21173.402,2101537,,LVA,8.01,LVA,44.75518111,LVA,7.66,LVA,3.67,LVA,32.945736,LVA,11.80903,LVA,14.092328,LVA,31.74,LVA,2.1530001,3.7,0.14399999,2.0799999,9.2449999,0.242,0.30399999,1.069,0.55900002,LVA,18.711,LVA,55.315117,LVA,18.711,,18.711,,,,239422,12.69,380010
Lebanon,135,4.05,,3050,,1290,0.0171,,,,,150,77.2,145,111,14400,,,,69400000000,6.4,0.559,0.582,31.8,0.667,3,0.0287,4950000,0.002242424,0.002727273,0.003030303,24,7550.263117,4739,957.3737373737374,,,,LBN,41.15717767,19239.564,4995799,,LBN,10.29,LBN,41.15717767,,,,,,,LBN,5.53429,LBN,21.234802,,,,,,,,,,,,,,,LBN,25.843344,,,,,,,,1712762,25.09,856814
Lesotho,694,1.14,,,,,,,,,,,47.8,46.9,518,2420,,,,4850000000,5.61,0.676,0.602,54,0.611,3,0.00273,2000000,0.0259,0.0347,,37,1110.217866,34.7,17.35,,,,LSO,58.32838175,2315.2769,2022752,,LSO,8.64,LSO,58.32838175,,,,,,,,,LSO,40.535866,,,,,,,,,,,,,,,LSO,42.54159,,,,,,,,12060,0.56,202164
Liberia,101,0.204,,,,,,,,,,,61.3,19.9,313,1100,,,,2780000000,7.26,0.618,0.507,35.1,0.556,4,0.0359,3890000,0.008046272,0.002596401,,26,392.526819,18.7,4.807197943,,,,LBR,33.59031581,1418.6758,4019958,,LBR,3.17,LBR,33.59031581,,,,,,,,,,,,,,,,,,,,,,,,,,,,,,,,,,87947,1.74,233564
Libya,119,10,,3360,,3350,,2.45,,,12.6,,73.4,,264,29500,,,,1.93E+11,4.65,0.147,0.194,40,0.111,7,0.0103,6200000,0.004258065,0.001919355,,17,6897.160826,,,,,,LBY,54.71908693,31394.162,6491991,,LBY,4.33,LBY,54.71908693,,,,,,,,,,,,,,,,,,,,,,,,,,,,,,,,,,826537,12.03,185518
Lithuania,269,4.31,0.0663,3470,,2280,0.014,,,0.863,,60,73.3,118,1290,21100,0.015,0.034,0.084,64900000000,2.61,0.912,0.724,35,0.556,1,-0.021,3120000,0.041346154,0.008621795,0.001923077,62,16190.2606,1732.3,555.224359,8514.6699,LTU,13.15,LTU,43.88489655,23942.76,3139021,,LTU,11.43,LTU,43.88489655,LTU,8.19,LTU,4.887,LTU,37.807182,LTU,12.85882,LTU,14.449673,LTU,33.44,LTU,2.8440001,4.888,0.003,2.2420001,7.3249998,0.69400001,0.53600001,0.55800003,0.303,,,LTU,38.779404,,,,,,,,145184,5.33,658057
Luxembourg,5.56,21.6,,16800,0.0002,8330,0.0183,,,,,60,80.8,137,60.4,91700,0,0,0.001,45400000000,3,0.971,0.888,32.1,0.667,1,0.0183,508000,0.011889764,0.001094488,0.011811024,77,69218.72195,564.6,1111.4173228346456,37807.102,LUX,13.43,LUX,,114343.984,507075,,LUX,13.64,,,LUX,8.71,LUX,5.657,,,LUX,11.98425,LUX,20.10201,LUX,41.99,LUX,3.941,5.9699998,0.301,2.7249999,6.0749998,0.49200001,1.932,1.159,0.546,LUX,22.91,LUX,37.58778,LUX,22.91,,22.91,,,,298062,47.62,81757
Madagascar,443,0.0926,,,,,,,,,,,61.7,21.8,1170,1390,0.785,0.913,0.976,28700000000,0.715,0.471,0.394,42.2,0.444,4,0.0279,21200000,0.005518868,0.002089623,,26,426.2444946,98,4.622641509433962,,,,MDG,14.64130741,1511.9867,21731052,,MDG,15.21,MDG,14.64130741,,,,,,,MDG,18.083776,MDG,53.003574,,,,,,,,,,,,,,,MDG,8.573463,,,,,,,,35563,0.13,193526
Malawi,443,0.0787,,,,,,,,,,49000,54.2,33.8,906,1080,0.717,0.891,0.962,11000000000,6.68,0.588,0.584,44.4,0.5,4,0.0287,14500000,0.006248276,0.003055172,0.3379310344827586,34,460.7479905,75.8,5.227586206896552,,,,MWI,40.34935803,1357.8717,14718426,,MWI,5.77,MWI,40.34935803,,,,,,,MWI,12.45998,MWI,23.140862,,,,,,,,,,,,,,,MWI,18.481373,,,,,,,,191362,1,311052
Malaysia,627,7.75,0.526,4150,,2600,0.0196,1.8,,1.04,1.16,,74.4,117,1960,21000,,,,5.77E+11,6.96,0.588,0.619,44.5,0.556,4,0.0169,28200000,0.006950355,0.002223404,,47,7586.466073,3670.7,130.16666666666666,,,,MYS,29.93749521,20171.88,28717728,,MYS,6.31,MYS,29.93749521,,,,,,,MYS,18.40623,MYS,31.157808,,,,,,,,,,,,,,,MYS,18.231926,,,,,,,,3476560,10.74,1860037
Maldives,3.6,2.56,,,,,,,,,,60,79.2,101,10.9,12000,,,,3330000000,6.69,,,38.6,,4,0.0343,366000,0.002978142,0.000983607,0.016393443,40,8759.499839,,,,,,MDV,42.54938554,16492.531,361579,,MDV,13.6,MDV,42.54938554,,,,,,,MDV,10.94631,,,,,,,,,,,,,,,,,,,,,,,,,,70079,12.96,3715
Mali,357,0.0641,,,,,,,,,,,59.4,29.4,438,1880,,,,25700000000,5.82,0.588,0.601,33.9,0.389,3,0.0316,15000000,0.00292,0.00238,,28,733.2035776,515.1,34.34,,,,MLI,23.21790938,2018.6014,15529183,,MLI,3.3,MLI,23.21790938,,,,,,,MLI,16.50391,MLI,34.29663,,,,,,,,,,,,,,,MLI,12.780938,,,,,,,,485829,2.4,1303511
Malta,5.4,6.18,,4770,,2010,,,,,,60,80.4,171,24.3,28300,0.002,0.003,0.005,11700000000,3.01,0.971,0.828,29.4,0.556,1,0.00491,414000,0.005869565,0.001304348,0.014492754,51,,87,210.14492753623188,,,,MLT,,32916.684,418758,,MLT,12.91,,,,,MLT,5.129,,,MLT,15.71921,MLT,31.251312,,,,,,,,,,,,,,,MLT,39.871506,,,,,,,,114760,25.99,102793
Marshall Islands,4,1.82,,,,,,,,,,,63,,10.6,3240,,,,186000000,6.69,,,40,,1,0.00206,56400,0.018794326,0.007092199,,,,,,,,,MHL,,3767.676,53431,,MHL,7.67,,,,,,,,,MHL,37.7,MHL,42.949932,,,,,,,,,,,,,,,MHL,54.636665,,,,,,,,3298,5.57,10886
Mauritania,72.3,0.64,,,,,,,,,,1300,68.2,97.6,106,3430,,,,9550000000,5.06,0.5,0.386,34.7,0.389,5,0.0293,3490000,0.003037249,0.002071633,0.037249284,30,1556.564044,225.4,64.58452722063038,,,,MRT,29.84613679,4773.7524,3419462,,MRT,4.22,MRT,29.84613679,,,,,,,,,,,,,,,,,,,,,,,,,,,,,,,,,,182286,3.92,130226
Mauritius,39.2,3.14,,2000,,1050,,,,,,600,74,88,121,15900,,,,19800000000,4.26,0.971,0.804,35.8,0.5,2,0.00238,1250000,0.00968,0.003136,0.048,50,11111.8493,20.3,16.24,,,,MUS,28.54919979,17311.625,1283347,,MUS,8.3,MUS,28.54919979,,,,,,,MUS,14.57315,MUS,35.233376,,,,,,,,,,,,,,,MUS,22.01843,,,,,,,,28893,2.27,182973
Mexico,20700,4.07,0.109,2020,0.00192,1530,0.0281,0.442,0.00446,0.755,1.24,5000,75.2,136,6670,16200,0.046,0.128,0.337,1.74E+12,5.03,0.765,0.693,46.8,0.611,3,0.0144,114000000,0.005850877,0.018157895,0.004385965,31,7659.452657,8535.5,74.87280701754386,3577.53,MEX,5.79,MEX,28.64312,18036.717,112532400,,MEX,10.41,MEX,28.64312,MEX,2.77,MEX,2.881,,,MEX,18.64259,MEX,12.306233,,,MEX,1.04,2.9070001,1.191,0.052000001,1.443,0.52499998,0.20100001,,0.011,MEX,7.495,MEX,21.403656,MEX,7.495,,7.495,,,,1197624,0.93,11185737
"Micronesia, Fed. Sts.",6.52,1.1,,,,,,,,,,,67,,18.4,3320,,,,371000000,3.25,,,40.9,,1,-0.000622,103000,0.017864078,0.006330097,,,3469.981575,,,,,,,,,,,,,,,,,,,,,,,,,,,,,,,,,,,,,,,,,,,,,,,,,,
Moldova,338,1.21,,2140,,1230,0.0019,,,,,1000,69.8,64.2,829,4730,0.005,0.06,0.289,14000000000,6.32,0.794,0.633,31.9,0.611,3,,4090000,0.020268949,0.008264059,0.024449878,39,3882.279635,47.7,11.662591687041564,,,,MDA,41.57168109,8547.581,3678186,,MDA,13.63,MDA,41.57168109,,,,,,,MDA,22.26701,MDA,13.756075,,,,,,,,,,,,,,,MDA,29.143658,,,,,,,,104438,2.59,1159443
Mongolia,293,5.08,,1490,,1450,,,,,,60,66,35.7,593,7690,0.008,0.101,0.384,17800000000,6.34,0.824,0.636,34.2,0.389,2,0.0171,2720000,0.021801471,0.010772059,0.002205882,33,3004.108083,118.4,43.529411764705884,,,,MNG,37.11463778,7518.831,2702527,,MNG,7.74,MNG,37.11463778,,,,,,,MNG,14.71114,MNG,29.20601,,,,,,,,,,,,,,,MNG,22.905796,,,,,,,,21345,0.65,82098
Montenegro,27.4,4.14,,5420,,1900,0.374,,,,,,76,118,81.5,14000,,,,8300000000,2.17,0.706,0.627,30.7,0.556,2,0.00183,624000,0.013060897,0.004391026,,45,8079.614437,98,157.05128205128204,,,,MNE,46.90003244,16767.357,631048,,,,MNE,46.90003244,,,,,,,,,,,,,,,,,,,,,,,,,,,,,,,,,,70999,11.3,132965
Morocco,374,1.73,,776,,528,0.00933,,,,,,72.1,104,1810,6460,,,,2.06E+11,3.57,0.412,0.379,40.2,0.167,4,0.0129,32300000,0.005603715,0.001157895,,38,2835.765381,4995,154.6439628482972,,,,MAR,34.20617228,5841.8784,32464866,,MAR,7.53,MAR,34.20617228,,,,,,,,,MAR,41.690876,,,,,,,,,,,,,,,MAR,27.08161,,,,,,,,102358,0.28,3262222
Mozambique,1720,0.116,,453,,423,0.0612,,,,,,52,30.7,1530,945,,,,20600000000,7.43,0.382,0.49,47.3,0.556,3,0.0274,23500000,0.006510638,0.007319149,,26,391.8402237,281.9,11.995744680851065,,,,MOZ,34.24927044,1047.5914,23073732,,MOZ,4.67,MOZ,34.24927044,,,,,,,MOZ,19.923,MOZ,42.747414,,,,,,,,,,,,,,,MOZ,20.16303,,,,,,,,338850,1.08,640160
Myanmar,1190,0.247,,124,,277,0.00915,0.223,,,,17000,64.8,45.3,3090,3690,,,,1.48E+11,4.05,0.088,0.177,38.1,0.056,7,0.00695,50600000,0.006106719,0.002351779,0.033596838,23,1116.506079,1856.9,36.69762845849802,,,,MMR,19.43392106,2830.284,49390988,,MMR,1.35,MMR,19.43392106,,,,,,,MMR,7.5,,,,,,,,,,,,,,,,,,,,,,,,,,76446,0.14,3711751
Namibia,392,1.46,,1590,,726,0.0476,,,,,5700,59,46,230,8680,,,,19500000000,7.65,0.824,0.623,61,0.667,2,0.018,2120000,0.010849057,0.018490566,0.2688679245283019,49,4809.026926,369.1,174.10377358490567,,,,NAM,33.97613803,9115.507,2099275,,NAM,11.91,NAM,33.97613803,,,,,,,NAM,26.12351,NAM,45.84884,,,,,,,,,,,,,,,NAM,28.102114,,,,,,,,109391,4.31,47770
Nepal,605,0.187,,103,,378,0.0092,,,,,,69.2,11.8,2960,1990,0.15,0.509,0.83,60300000000,4.82,0.559,0.424,34.7,0.389,4,0.00481,27000000,0.010962963,0.002240741,,34,1093.525867,428.3,15.862962962962962,,,,NPL,19.61430229,2682.6987,27161572,,NPL,4.81,NPL,19.61430229,,,,,,,NPL,16.03235,NPL,27.647717,,,,,,,,,,,,,,,NPL,15.6352005,,,,,,,,487564,1.67,2599701
Netherlands,163,11,0.452,7010,0.0042,5030,0.00054,3.8,0.0205,2.75,,150,80.8,129,1890,46100,0,0.001,0.002,7.13E+11,1.44,0.941,0.899,28.1,0.889,1,0.00513,16700000,0.011317365,0.000976048,0.000898204,80,44714.29728,15606.6,934.5269461077844,21474.721,NLD,21.38,NLD,53.10754,52032.99,16617121,,NLD,14.25,NLD,53.10754,NLD,17.23,NLD,8.467,,,NLD,11.66905,NLD,6.638873,NLD,34.37,NLD,1.5650001,6.2470002,0.35499999,3.303,5.7150002,1.398,0.20100001,1.318,1.1109999,NLD,22.087,NLD,41.64196,NLD,22.087,,22.087,,,,2358333,13.76,970403
New Zealand,59.4,7.27,0.32,9600,0.00379,4230,0.486,,,1.61,,60,80.7,156,524,32200,,,,1.37E+11,1.63,1,0.926,33.2,0.889,1,0.0111,4370000,0.011990847,0.001359268,0.001372998,87,35287.75524,2829.1,647.3913043478261,14880.11,NZL,15.18,NZL,36.50914,37583.113,4346345,,NZL,17.6,NZL,36.50914,NZL,11.18,NZL,7.787,,,NZL,15.6811,NZL,24.17885,,,NZL,3.4119999,7.7259998,0.87599999,2.5469999,4.4180002,0.43200001,0.148,0.56699997,0.30500001,NZL,20.251,NZL,34.23279,NZL,20.251,,20.251,,,,1381724,28.65,806159
Nicaragua,581,0.779,,507,,508,0.00749,,,,,350,77.6,114,409,3970,,,,22800000000,3.8,0.735,0.573,44.5,0.389,4,0.0136,5820000,0.007027491,0.009982818,0.006013746,19,1700.084531,84.2,14.467353951890034,,,,NIC,35.00904,4586.874,5855736,,NIC,15.74,NIC,35.00904,,,,,,,NIC,26.408,NIC,38.014297,,,,,,,,,,,,,,,NIC,14.993226,,,,,,,,42167,0.64,718154
Niger,370,0.0713,,44.2,,135,,,,,,4000,59.1,13.3,578,812,,,,13000000000,11.2,0.471,0.338,34,0.278,4,0.0384,16500000,0.00350303,0.002242424,0.024242424,32,576.7042049,242.5,14.696969696969697,,,,NER,20.87311874,1024.7384,16647545,,NER,9.18,NER,20.87311874,,,,,,,NER,19.08965,,,,,,,,,,,,,,,,,,,,,,,,,,348056,1.44,399707
Nigeria,1130,0.577,,136,,756,0.00346,0.212,,,0.751,210000,60.5,28.4,5700,5090,,,,7.93E+11,7.84,0.382,0.347,42.7,0.333,4,0.0267,159000000,0.003584906,0.000710692,0.1320754716981132,24,1624.678826,3109.4,19.555974842767295,,,,NGA,27.71934426,4857.266,160952864,,NGA,2.7,NGA,27.71934426,,,,,,,NGA,6.1673064,,,,,,,,,,,,,,,,,,,,,,,,,,1308568,0.63,1670455
North Korea,728,2.71,,743,,770,0.0474,,,,,,70.9,12.9,3110,1710,,,,33900000000,-0.553,0,0.108,37,0.167,7,0.00492,24500000,0.012693878,0.002971429,,,,,,,,,PRK,,,24686436,,,,,,,,,,,,,,,,,,,,,,,,,,,,,,,,,,,,,,,49549,0.19,110377
North Macedonia,47.1,4.15,,3570,,1390,0.101,,,,,,75.9,111,196,11400,0.104,0.178,0.324,23600000000,2.86,0.794,0.616,41.5,0.611,3,0.000822,2070000,0.009468599,0.002275362,,40,4966.873986,225,108.69565217391305,,,,MKD,32.74964251,13517.428,2093828,,MKD,12.51,MKD,32.74964251,,,MKD,4.161,,,,,MKD,17.206703,,,,,,,,,,,,,,,MKD,30.08603,,,,,,,,131311,6.3,693896
Norway,43.1,12.3,0.156,24900,0.042,6930,2.07,19.8,,2.2,20.2,60,80.9,105,593,62400,0.002,0.002,0.003,3.02E+11,-0.101,1,0.98,26,1,1,0.0125,4890000,0.012126789,0.000881391,0.001226994,84,65882.89355,8388.4,1715.4192229038854,26103.42,NOR,12.61,NOR,47.23349,61353.477,4889747,,NOR,16.61,NOR,47.23349,NOR,8.47,NOR,7.541,NOR,39.11981,NOR,15.08849,NOR,15.636374,NOR,38.69,NOR,3.1459999,5.585,0.147,4.1760001,6.836,0.74299997,0.28600001,0.48800001,0.61900002,NOR,21.916,NOR,34.91099,NOR,21.916,,21.916,,,,852238,15.72,191392
Oman,16.3,15.6,,5520,,6150,,8.68,,,13.9,,75.2,95.2,81.9,45300,,,,1.47E+11,24,0.412,0.286,40,0.222,5,0.0559,3040000,0.002694079,0.000536184,,44,11298.33485,5783.5,1902.467105263158,,,,OMN,34.1792807,40819.938,2881915,,OMN,6.7,OMN,34.1792807,,,,,,,OMN,13.75635,,,,,,,,,,,,,,,,,,,,,,,,,,2372836,46.47,25099
Pakistan,9030,0.9,0.0272,442,,474,0.0158,0.223,0.00169,0.12,,,64.3,81.6,6700,4070,0.083,0.478,0.85,7.33E+11,2.77,0.529,0.455,30.8,0.222,5,0.022,179000000,0.003743017,0.005044693,,27,1321.524151,10337.5,57.75139664804469,,,,PAK,24.58728,4058.0085,194454496,,PAK,2.81,PAK,24.58728,,,,,,,PAK,11.86466,,,,,,,,,,,,,,,,,,,,,,,,,,3276580,1.48,6328400
Palestine,126,0.502,,,,,,,,,,,73.9,,89.1,4020,0.002,0.037,0.219,14500000000,9.83,0.382,0.544,34.7,0.833,,0.026,4060000,0.002194581,0.003103448,,,,,,,,,PSE,,5411.0664,3992283,,,,,,,,,,,,PSE,17.80521,PSE,55.51451,,,,,,,,,,,,,,,PSE,8.650796,,,,,,,,272784,5.35,4022791
Panama,606,2.52,,1750,,991,0.102,,,,,1300,78.2,84.8,221,15600,0.045,0.107,0.218,49400000000,7.23,0.882,0.715,52,0.556,2,0.0176,3640000,0.006071429,0.016648352,0.035714286,36,13227.07052,0,0,,,,PAN,29.20064,21455.684,3623622,,PAN,19.08,PAN,29.20064,,,,,,,,,,,,,,,,,,,,,,,,,,,,,,,,,,313165,7.26,139520
Papua New Guinea,533,0.652,,,,,,,,,,1200,56.3,,967,3100,,,,14300000000,7.37,0.824,0.654,42.4,0.444,3,0.0229,7310000,0.013228454,0.007291382,0.016415869,30,2075.687997,97.5,13.337893296853625,,,,PNG,29.52754036,3283.715,7583269,,PNG,7.07,PNG,29.52754036,,,,,,,,,,,,,,,,,,,,,,,,,,,,,,,,,,31068,0.35,4810
Paraguay,838,0.816,,1170,,769,0.72,,,,,,74.6,70.7,359,9740,0.055,0.133,0.3,46900000000,12.8,0.824,0.64,50.2,0.5,3,0.0135,6250000,0.005744,0.013408,,28,5579.071328,365.7,58.512,,,,PRY,22.032646,11281.256,5768618,,PRY,14.43,PRY,22.032646,,,,,,,PRY,18.76241,PRY,55.029243,,,,,,,,,,,,,,,PRY,11.83912,,,,,,,,169567,2.38,896484
Peru,1060,1.98,0.0277,1110,,643,0.0592,0.222,,0.293,0.237,3500,77.5,62,970,10100,0.055,0.148,0.312,3.05E+11,8.3,0.824,0.64,46.1,0.5,3,0.00813,29000000,0.003344828,0.003655172,0.012068966,36,5673.815277,2845.4,98.11724137931034,,,,PER,21.54261,9996.9375,29229576,,PER,11.68,PER,21.54261,,,PER,2.459,,,PER,13.55558,PER,17.541468,,,,,,,,,,,,,,,PER,17.82234,,,,,,,,1224519,3.71,1519635
Philippines,13100,0.903,0.0749,638,,430,0.00719,,,0.156,,,69.2,63.3,5020,5580,,,,5.22E+11,7.57,0.912,0.612,44.2,0.5,3,0.0167,94000000,0.005340426,0.01393617,,33,3225.550643,3965.4,42.185106382978724,,,,PHL,20.222,5876.478,94636704,,PHL,7.18,PHL,20.222,,,,,,,PHL,15.766915,PHL,36.204456,,,,,,,,,,,,,,,PHL,13.793689,,,,,,,,225525,0.21,6094307
Poland,856,8.25,1.44,3800,0.00177,2640,0.00656,0.0964,,0.697,,150,76.4,119,7520,21800,0.003,0.011,0.03,8.06E+11,3.86,0.912,0.705,33.2,0.611,1,-0.00286,38300000,0.019634465,0.002234987,0.000391645,55,13028.80984,16573.1,432.7180156657963,9541.4102,POL,13.94,POL,48.05438,23692.91,38597356,,POL,9.98,POL,48.05438,POL,8.34,POL,4.596,POL,34.623657,POL,11.04357,POL,14.075437,POL,36.35,POL,1.335,4.6009998,0.059999999,2.3440001,9.1470003,0.20299999,1.9859999,0.271,0.68000001,POL,20.632,POL,36.915493,POL,20.632,,20.632,,,,817254,2.16,4825096
Portugal,173,4.54,0.155,4960,0.00056,2220,0.13,,,1.22,,350,80,80.5,1430,27200,0.001,0.004,0.02,2.78E+11,2.01,0.941,0.802,36,0.611,1,0.000459,10600000,0.013490566,0.001632075,0.003301887,62,18806.1677,3500.3,330.2169811320755,14178.07,PRT,13.33,PRT,54.37676,31798.154,10588401,,PRT,12.86,PRT,54.37676,PRT,8.06,PRT,6.678,PRT,34.042557,PRT,10.42891,PRT,24.85171,PRT,32.97,PRT,1.385,6.8509998,0.002,1.926,10.345,0.74199998,1.76,1.235,0.66900003,PRT,24.482,PRT,43.955902,PRT,24.482,,24.482,,,,1001963,9.83,2081419
Qatar,20.7,39.1,0,14200,,14900,,66.3,,3.64,40,,78,,110,120000,,,,2.19E+11,23.9,0.441,0.309,40,0.222,5,0.115,1860000,0.005913978,0.001112903,,58,49936.05517,15412.1,8286.075268817205,,,,QAT,29.55808313,103902.516,1713512,,QAT,4.15,QAT,29.55808313,,,,,,,QAT,13.81727,,,,,,,,,,,,,,,,,,,,,,,,,,2226192,77.27,25705
Romania,556,3.88,0.343,2550,,1730,0.0781,0.422,0.0465,0.428,0.21,600,73.7,69.2,2710,17500,0.046,0.119,0.28,3.59E+11,-1.21,0.824,0.66,32,0.5,2,-0.00594,20500000,0.013219512,0.002712195,0.002926829,46,9947.382299,5186.7,253.00975609756097,,,,ROU,42.4595,20419.188,20335212,,ROU,11.53,ROU,42.4595,,,ROU,4.608,ROU,36.87151,ROU,9.12913,ROU,17.612812,,,,,,,,,,,,,,,ROU,34.529125,,,,,,,,705310,3.67,3987093
Russia,28000,11.6,0.632,6410,,4820,0.1,3.7,0.102,0.931,3.58,,68.1,129,55200,23300,0.001,0.005,0.04,3.07E+12,4.28,0.471,0.426,40.3,0.5,5,0.000449,143000000,0.038601399,0.01958042,,28,,86373.1,604.0076923076923,,,,RUS,39.07938,23961.22,143242592,,RUS,8.59,RUS,39.07938,,,,,,,RUS,10.95634,RUS,16.162643,,,,,,,,,,,,,,,RUS,27.37724,,,,,,,,11636911,7.97,10756697
Rwanda,431,0.0588,,,,,,,,,,7300,64.3,14.9,615,1400,0.623,0.836,0.93,13200000000,8.2,0.412,0.325,48.2,0.167,5,0.0259,10000000,0.00615,0.00431,0.073,51,616.3275048,177.2,17.72,,,,RWA,26.67164562,1467.7363,10309032,,RWA,8.56,RWA,26.67164562,,,,,,,RWA,17.54806,,,,,,,,,,,,,,,,,,,,,,,,,,513907,3.97,492489
Samoa,7.85,1.01,,,,,,,,,,,72.5,79.2,21,5410,,,,870000000,0.396,,,42.1,,2,0.00752,186000,0.011290323,0.00422043,,,3398.342584,,,,,,WSM,,5808.3037,194686,,WSM,13.23,,,,,,,,,WSM,19.39,,,,,,,,,,,,,,,,,,,,,,,,,,4021,2.03,135732
Sao Tome and Principe,8.52,0.549,,,,,,,,,,60,68.9,62.1,3,2560,0.323,0.701,0.923,450000000,4.5,,,30.9,,2,0.0252,180000,0.001666667,0.004733333,0.033333333,45,1396.606241,,,,,,STP,49.49247238,3324.9163,182154,,STP,4.1,STP,49.49247238,,,,,,,STP,19.32741,,,,,,,,,,,,,,,,,,,,,,,,,,2139,0.98,39608
Saudi Arabia,116,18.9,0.00246,7970,,6760,,2.88,,5,17.3,,74.8,90.7,898,45400,,,,1.28E+12,6.39,0.147,0.184,40,0.111,6,0.0293,27400000,0.003277372,0.000423358,,51,18182.73223,75013.3,2737.711678832117,,,,SAU,39.18806314,41056.547,29411930,,SAU,6.84,SAU,39.18806314,,,,,,,,,SAU,59.521824,,,,,,,,,,,,,,,SAU,24.434626,,,,,,,,13454842,38.65,299268
Senegal,171,0.611,,203,,302,0.00172,,,,,1800,65.9,43.6,848,2780,,,,26900000000,4.28,0.618,0.527,39.9,0.389,3,0.0274,12700000,0.006677165,0.001346457,0.014173228,43,1296.906298,433.5,34.13385826771653,,,,SEN,28.12188802,2830.1533,12530128,,SEN,5.35,SEN,28.12188802,,,,,,,SEN,24.04635,,,,,,,,,,,,,,,,,,,,,,,,,,274929,1.64,693765
Serbia,269,5.11,,4360,,2140,0.104,,,,,150,74.4,66.7,1780,13400,,,,1.15E+11,-1.34,0.735,0.633,31.8,0.611,2,-0.00402,8990000,0.019799778,0.002992214,0.001668521,36,5868.352728,1426.4,158.66518353726363,,,,SRB,47.38405885,14513.582,7653749,,SRB,13.56,SRB,47.38405885,,,SRB,5.89,,,SRB,10.09823,SRB,24.849113,,,,,,,,,,,,,,,SRB,36.56108,,,,,,,,823011,9.42,1003962
Seychelles,6.56,4.86,,,,,,,,,,,73.2,,7.94,20400,,,,1840000000,3.55,,,44.8,,3,0.0279,91300,0.008696605,0.007185104,,70,13584.77064,26.1,285.8707557502738,,,,SYC,41.85124916,21322.54,92424,,SYC,8.98,SYC,41.85124916,,,,,,,SYC,10.86438,SYC,25.790956,,,,,,,,,,,,,,,SYC,28.641153,,,,,,,,13050,13.27,29258
Sierra Leone,90.9,0.113,,,,,,,,,,2700,55.4,10.4,285,1210,,,,7970000000,4.93,0.529,0.451,35.1,0.278,3,0.0225,6420000,0.004439252,0.001415888,0.042056075,34,423.684223,24.5,3.8161993769470404,,,,SLE,22.12841656,1401.5741,6436699,,SLE,6.29,SLE,22.12841656,,,,,,,SLE,12.80191,,,,,,,,,,,,,,,,,,,,,,,,,,53746,0.67,152486
Singapore,20.7,10.8,0.00154,8680,,5010,,,,12,,,83.2,,393,73100,,,,3.58E+11,15.6,0.735,0.589,42.5,0.278,4,0.0177,5130000,0.007660819,0.000403509,,83,48351.57713,11687.6,2278.2846003898635,,,,SGP,14.43236143,78115.21,5163585,,SGP,10.94,SGP,14.43236143,,,,,,,SGP,18.57173,SGP,30.393423,,,,,,,,,,,,,,,SGP,12.412805,,,,,,,,2523648,43.14,348464
Slovak Republic,160,6.71,0.721,5200,0.00112,3310,0.0827,,0.229,0.725,,60,75.6,144,747,25200,0.005,0.01,0.022,1.33E+11,4.34,0.912,0.735,26.6,0.556,1,0.000932,5400000,0.013833333,0.002962963,0.001111111,,15793.77133,,,,,,,,,,,,,,,,,,,,,,,,,,,,,,,,,,,,,,,,,,,,,,,,,,
Slovenia,25.4,7.51,,6510,0.00175,3580,0.191,,0.24,,,60,79.5,71.6,476,28700,0,0,0.001,56900000000,0.797,0.882,0.769,24.8,0.667,1,0.00436,2040000,0.023333333,0.001245098,0.002941176,56,20762.48577,735.2,360.3921568627451,13688.89,SVN,13.88,SVN,48.25138403,33350.613,2057294,,SVN,12.35,SVN,48.25138403,SVN,8.92,SVN,6.288,SVN,45.3125,SVN,11.05199,SVN,19.169403,SVN,36.83,SVN,2.1229999,6.2779999,0.009,2.2650001,9.441,0.57099998,1.671,0.54100001,0.49700001,SVN,23.397,SVN,43.325043,SVN,23.397,,23.397,,,,277964,13.37,160197
Solomon Islands,32.5,0.375,,,,,,,,,,,61.7,35.8,84.1,1870,,,,963000000,6.13,,,40.4,,3,0.0243,528000,0.01592803,0.006155303,,42,2124.76345,,,,,,SLB,56.77372672,2411.071,540402,,SLB,6.44,SLB,56.77372672,,,,,,,SLB,16.67668,,,,,,,,,,,,,,,,,,,,,,,,,,2520,0.37,4270
Somalia,708,0.0508,,,,,,,,,,3100,55,,435,614,,,,5730000000,2.19,,,48,,7,0.0275,12000000,0.003625,0.0059,0.025833333,12,242.5755063,115.1,9.591666666666667,,,,SOM,,,12026650,,,,,,,,,,,,,,,,,,,,,,,,,,,,,,,,,,,,,,,58590,0.37,2034221
South Africa,20100,9.26,1.8,4540,,2770,0.00367,,0.0208,0.497,,300000,56.1,96.5,7470,12000,0.165,0.358,0.562,5.81E+11,3.56,0.853,0.779,63.3,0.722,2,0.0146,51200000,0.014589844,0.039257813,0.5859375,43,5788.14113,2995.3,58.50195313,,ZAF,11.26,ZAF,35.59201,13469.361,51784928,,ZAF,14.14,ZAF,35.59201,ZAF,8.48,ZAF,3.972,,,ZAF,18.04437,ZAF,14.191381,,,,,,,,,,,,,,,ZAF,29.577513,,,,,,,,2860495,4.82,914901
South Korea,917,11.4,1.53,9720,0.00093,5050,0.00657,,0.265,2.12,,350,80.6,104,16000,30400,0.005,0.007,0.015,1.38E+12,6.62,0.882,0.811,32,0.722,2,0.00498,49500000,0.032323232,0.001852525,0.000707071,,,,,9444.7402,KOR,13.18,KOR,22.35255,34394.492,48813036,,KOR,11.86,KOR,22.35255,KOR,7.96,KOR,3.605,,,KOR,14.82,KOR,10.274085,KOR,16.38,,,,,,,,,,,KOR,8.283,KOR,17.627125,KOR,8.283,,8.283,,,,1728182,3.37,2204554
South Sudan,570,,,,,,,,,,,,57.8,,333,4010,,,,28400000000,7.24,,,45.3,,,0.0393,9510000,0.003501577,0.005993691,,13,,378.8,39.83175604626709,,,,SSD,,,9714425,,,,,,,,,,,,,,,,,,,,,,,,,,,,,,,,,,,,,,,882252,7.88,2575870
Spain,381,5.77,0.147,5710,0.00074,2740,0.0789,,0.116,1.54,,,82,83.2,3780,32500,0.007,0.011,0.023,1.46E+12,0.323,0.941,0.816,35.1,0.611,1,0.0046,46900000,0.008059701,0.000812367,,60,25714.57146,20306.6,432.9765458422175,14595.02,ESP,13.26,ESP,47.53594,37298.47,46572776,,ESP,14.75,ESP,47.53594,ESP,8.57,ESP,6.789,ESP,32.87129,ESP,10.54881,,,ESP,36.34,ESP,1.415,6.7470002,0.213,2.4860001,7.6420002,0.248,2.119,3.003,0.91000003,ESP,25.839,,,ESP,25.839,,25.839,,,,6842202,14.63,1489823
Sri Lanka,1010,0.655,,460,,481,0.0232,,,,,350,74.7,79.4,4860,8500,,,,1.57E+11,8.16,0.824,0.664,37.7,0.5,4,0.00685,20300000,0.023940887,0.004975369,0.001724138,36,3656.235844,1053.5,51.89655172413793,,,,LKA,29.13573695,9440.672,20668556,,LKA,7.83,LKA,29.13573695,,,,,,,LKA,8.60566,LKA,27.811644,,,,,,,,,,,,,,,LKA,16.300848,,,,,,,,40254,0.19,1960025
St. Lucia,29.5,2.32,,,,,,,,,,,75.6,112,12.1,11700,,,,1780000000,0.72,,,42.6,,1,0.0108,174000,0.006954023,0.016954023,,,8984.296413,,,,,,,,,,,,,,,,,,,,,,,,,,,,,,,,,,,,,,,,,,,,,,,,,,
St. Vincent and the Grenadines,20.8,2.03,,,,,,,,,,,72.9,118,8.14,10000,,,,1100000000,-2.36,,,40,,1,-0.000296,108000,0.007537037,0.019259259,,,6345.902008,,,,,,,,,,,,,,,,,,,,,,,,,,,,,,,,,,,,,,,,,,,,,,,,,,
Sudan,557,0.461,,131,,362,0.00968,,,,0.662,5600,67.7,65.5,1450,3400,,,,94900000000,1.72,0.235,0.242,35.4,0.333,7,0.0223,34500000,0.004202899,0.001614493,0.016231884,22,613.4983521,,,,,,SDN,20.14279517,4745.2974,33739932,,SDN,9.49,SDN,20.14279517,,,,,,,,,SDN,31.106567,,,,,,,,,,,,,,,SDN,14.130491,,,,,,,,1379147,3.15,2104887
Suriname,49.3,4.54,,2980,,1360,,,,,,350,71.4,124,129,14100,,,,7490000000,3.69,0.824,0.665,60.8,0.444,2,0.0114,529000,0.024385633,0.009319471,0.066162571,40,4706.840072,,,,,,SUR,27.03765984,18255.625,546085,,SUR,9.47,SUR,27.03765984,,,,,,,,,,,,,,,,,,,,,,,,,,,,,,,,,,47801,8.15,273209
Swaziland,233,0.975,,,,,,,,,,7800,46,91.6,180,8240,,,,7300000000,2.28,0.412,0.29,51.5,0.222,5,0.00695,1060000,0.016981132,0.021981132,0.7358490566037735,,,,,,,,,,,,,,,,,,,,,,,,,,,,,,,,,,,,,,,,,,,,,,,,,,,,
Sweden,110,5.54,0.265,14900,0.00347,5430,0.609,,0.53,1.72,,60,81.5,106,1380,43000,0.005,0.007,0.012,3.8E+11,6.19,1,0.95,27.7,0.889,1,0.00853,9390000,0.014696486,0.001171459,0.000638978,83,46249.28526,7722.5,822.4174653887114,21340.75,SWE,16.11,SWE,53.91806,47791.37,9381722,,SWE,13.62,SWE,53.91806,SWE,11.6,SWE,6.863,,,SWE,13.221,SWE,8.817841,SWE,41.14,SWE,3.441,6.302,0.43399999,4.198,9.0699997,0.67199999,0.46000001,0.56599998,1.1109999,SWE,26.268,SWE,33.086895,SWE,26.268,,26.268,,,,2003908,19.84,327581
Switzerland,66.2,4.99,0.0189,8170,0.00166,3350,0.405,,0.295,1.45,,60,82.5,161,1320,55900,0.001,0.002,0.003,3.9E+11,2.5,0.941,0.909,32.5,0.778,1,0.0104,7810000,0.016901408,0.000847631,0.000768246,82,63796.92495,6145.2,786.8373879641485,17353.75,CHE,8.31,CHE,35.112814,66133.29,7822444,,CHE,10.02,CHE,35.112814,CHE,5.25,CHE,6.391,CHE,20.320856,CHE,15.28764,CHE,6.796098,CHE,38.88,CHE,1.48,4.9130001,0.11,2.3210001,5.848,0.565,0.662,0.954,0.59799999,CHE,18.431,CHE,16.719744,CHE,18.431,,18.431,,,,2491249,28.79,713623
Syria,472,2.88,,1820,,1010,0.0109,0.345,,,0.882,,75.8,,413,6290,,,,94100000000,3.8,0.176,0.231,35.3,0.167,6,0.00736,21400000,0.001929907,0.002205607,,13,,,,,,,SYR,27.41704949,,22337558,,SYR,5.12,SYR,27.41704949,,,,,,,,,,,,,,,,,,,,,,,,,,,,,,,,,,868711,4.96,8457214
Tajikistan,194,0.338,,1890,,289,0.198,,,,,,69.8,49.7,348,2140,,,,14500000000,6.77,0.147,0.251,31.6,0.222,5,0.0218,7530000,0.004621514,0.002576361,,24,894.7079765,103.5,13.745019920318725,,,,TJK,26.62904996,2360.015,7621785,,TJK,4.52,TJK,26.62904996,,,,,,,TJK,15.33145,,,,,,,,,,,,,,,,,,,,,,,,,,276031,2.89,586851
Tanzania,3660,0.16,,96.6,,466,0.00494,,,,,91000,60.9,28.6,2490,2230,,,,69300000000,7.04,0.529,0.564,38.8,0.556,3,0.0291,44300000,0.005620767,0.008261851,0.2054176072234763,38,882.7697754,832.2,18.785553047404065,,,,TZA,28.41669156,1972.9811,45110532,,TZA,7.26,TZA,28.41669156,,,,,,,TZA,19.80202,TZA,19.674286,,,,,,,,,,,,,,,TZA,13.193083,,,,,,,,426017,0.71,327863
Thailand,4740,4.2,0.231,2310,,1750,0.00689,0.48,,0.71,0.222,,77,108,8380,13500,0.001,0.025,0.178,8.87E+11,7.86,0.706,0.655,39.2,0.556,4,0.0049,67200000,0.012470238,0.007053571,,36,5453.41046,5724.4,85.18452380952381,,,,THA,24.12305,14172.218,68270488,,THA,14.36,THA,24.12305,,,,,,,THA,16.22262,THA,40.108604,,,,,,,,,,,,,,,THA,17.411415,,,,,,,,3632496,5.2,1086985
Timor-Leste,28.2,0.215,,,,,,,,,,,70,27.2,59.3,9010,,,,1920000000,8.75,0.824,0.722,28.2,0.556,4,0.0178,1090000,0.005440367,0.002587156,,42,930.7946606,,,,,,,,,,,,,,,,,,,,,,,,,,,,,,,,,,,,,,,,,,,,,,,,8399,0.64,39588
Togo,221,0.411,,124,,485,0.00138,,,,,,59.2,30.5,540,1240,,,,7340000000,3.91,0.412,0.345,45,0.333,4,0.027,6420000,0.008411215,0.003442368,,30,793.7326375,336.6,52.429906542056074,,,,TGO,23.50718182,1588.3982,6571862,,TGO,7.45,TGO,23.50718182,,,,,,,TGO,19.61576,TGO,34.33306,,,,,,,,,,,,,,,TGO,14.18247,,,,,,,,279936,3.38,545409
Tonga,2.98,1.13,,,,,,,,,,,71,,6.98,4990,,,,526000000,1.73,,,37.5,,3,0.000924,104000,0.006711538,0.002865385,,,4532.399982,,,,,,TON,32.31015258,5002.6323,107401,,TON,10.07,TON,32.31015258,,,,,,,,,,,,,,,,,,,,,,,,,,,,,,,,,,3742,3.54,74550
Trinidad and Tobago,339,36.1,0,6190,,15100,,30.3,,1.68,4.68,600,73.6,157,176,31300,,,,39800000000,0.014,0.794,0.716,41.3,0.611,2,0.00545,1330000,0.013233083,0.025488722,0.045112782,42,12183.91106,201.1,151.2030075,,,,TTO,40.98360592,27329.424,1410297,,TTO,8.04,TTO,40.98360592,,,,,,,,,TTO,24.102062,,,,,,,,,,,,,,,TTO,30.697681,,,,,,,,78849,5.63,330519
Tunisia,110,2.6,,1360,,967,0.00041,,,,0.373,60,77,95.3,417,10400,0.02,0.092,0.304,1.12E+11,3.2,0.324,0.279,36.3,0.222,5,0.0104,10600000,0.003933962,0.001037736,0.000566038,40,3349.470925,1156.2,109.0754716981132,,,,TUN,32.74274194,10477.304,10895063,,TUN,13.03,TUN,32.74274194,,,,,,,TUN,24.84683,TUN,34.645203,,,,,,,,,,,,,,,TUN,26.738525,,,,,,,,60145,0.51,902268
Turkey,1560,4.12,0.435,2490,0.00042,1470,0.0612,,,0.44,,,77.6,90.5,2220,18000,0.008,0.045,0.159,1.22E+12,9.09,0.471,0.573,39.4,0.389,3,0.014,72300000,0.003070539,0.002157676,,36,,,,6592.98,TUR,11.63,TUR,40.07236,19790.068,73195352,,TUR,10.92,TUR,40.07236,TUR,8.15,TUR,3.916,,,TUR,10.588183,TUR,22.002882,,,TUR,0.317,3.9419999,0,0.36899999,6.2270002,0.117,1.22,0.115,0.028999999,TUR,12.838,TUR,32.87628,TUR,12.838,,12.838,,,,6052652,7.18,3411408
Turkmenistan,269,11.3,0,2380,,4460,5e-05,7.49,,1.09,2.12,,69.6,22.8,484,9940,,,,50800000000,8.79,0.059,0.172,46.4,0.222,7,0.0157,5090000,0.009508841,0.005284872,,19,4770.163419,,,,,,TKM,,8321.22,5267975,,TKM,8.71,,,,,,,,,,,,,,,,,,,,,,,,,,,,,,,,,,,,194920,3.23,242554
Uganda,2150,0.121,,,,,,,,,,66000,59.1,28.9,3070,1590,,,,43200000000,5.57,0.618,0.505,43.4,0.5,4,0.0319,32400000,0.009475309,0.006635802,0.2037037037037037,26,649.5117019,923.1,28.49074074074074,,,,UGA,23.42810095,1878.5209,32341724,,UGA,6.9,UGA,23.42810095,,,,,,,UGA,10.10489,,,,,,,,,,,,,,,,,,,,,,,,,,1720313,3.76,781440
Ukraine,4120,6.65,0.835,3550,,2890,0.0249,0.364,0.169,0.275,,23000,70.8,129,11800,7820,0,0.003,0.061,3.57E+11,3.9,0.794,0.63,25.2,0.5,3,-0.00397,45800000,0.025764192,0.008995633,0.050218341,33,2727.390381,43997.7,960.6484716157205,,,,UKR,50.62956726,12221.44,45683024,,UKR,7.5,UKR,50.62956726,,,,,,,UKR,15.23396,UKR,12.2605295,,,,,,,,,,,,,,,UKR,39.543953,,,,,,,,4997387,11.43,6139144
United Arab Emirates,122,18.8,0.0866,10600,,7220,,5.58,,3.72,16.1,,72.9,107,399,55400,,,,4.15E+11,6.47,0.294,0.252,40,0.111,5,0.0769,8550000,0.004666667,0.001426901,,67,42227.03932,,,,,,ARE,25.47446192,54664.613,8481775,,ARE,8.53,ARE,25.47446192,,,,,,,,,,,,,,,,,,,,,,,,,,,,,,,,,,8716332,88.13,203214
United Kingdom,439,7.77,0.489,5700,0.00241,3230,0.005,0.812,0.0861,1.18,0.998,350,80.4,100,5600,36500,0.001,0.003,0.006,2.15E+12,1.75,0.912,0.816,33.7,0.611,1,0.00784,63500000,0.008818898,0.000691339,0.000551181,73,36247.52054,68462.6,1078.1511811023622,17172.301,GBR,15.09,GBR,53.44809,42270.434,62760048,,GBR,17.09,GBR,53.44809,GBR,11.89,GBR,8.006,GBR,32.629562,GBR,12.78199,GBR,14.131531,GBR,35.64,GBR,3.997,6.9770002,1.692,2,6.7290001,0.205,0.066,0.37400001,0.38299999,GBR,22.785,GBR,44.04046,GBR,22.785,,22.785,,,,9359587,13.79,4732510
United States,17500,17.5,1.7,13400,0.00561,7160,0.0727,1.78,0.232,2.75,1.08,20000,78.7,167,42300,49500,0.01,0.012,0.02,1.53E+13,2.88,0.853,0.818,40.7,0.722,1,0.00828,309000000,0.01368932,0.00566343,0.006472492,,53655.97564,,,20739.48,USA,11.63,USA,45.07137,54516.855,311182848,,USA,18.4,USA,45.07137,USA,7.55,USA,7.889,,,USA,15.56728,USA,10.014485,USA,21.05,USA,0.74699998,8.0129995,0.389,1.414,5.928,0.89499998,0.72899997,1.091,0.161,USA,19.346,USA,26.054605,USA,19.346,,19.346,,,,50632836,15.28,2996223
Uruguay,168,1.9,,2820,,1220,0.221,,,,,600,76.4,106,629,17200,0.001,0.013,0.082,55500000000,8.88,1,0.81,43.5,0.444,1,0.00286,3360000,0.018720238,0.005,0.017857143,74,14840.955,1375.6,409.4047619047619,,,,URY,35.64678,19331.85,3352653,,URY,17.25,URY,35.64678,,,,,,,URY,17.4524,URY,23.016562,,,,,,,,,,,,,,,URY,29.420132,,,,,,,,108267,3.12,367060
Uzbekistan,1000,3.65,0.0329,1650,,1510,0.034,1.71,,0.127,0.128,,68.8,28.3,3110,4240,,,,1.14E+11,7.84,0.059,0.174,33.5,0.222,7,0.0282,28500000,0.010912281,0.003508772,,31,1264.702393,,,,,,UZB,32.17130324,4953.9614,28614234,,UZB,8.04,UZB,32.17130324,,,,,,,,,,,,,,,,,,,,,,,,,,,,,,,,,,1162007,3.47,2027823
Vanuatu,3.31,0.512,,,,,,,,,,,64,54.7,36.5,2950,0.132,0.394,0.724,700000000,1.85,,,37.6,,2,0.0256,236000,0.015466102,0.001402542,,48,2884.426365,,,,,,VUT,27.60848758,2972.3171,245464,,VUT,6.85,VUT,27.60848758,,,,,,,,,VUT,51.829056,,,,,,,,,,,,,,,VUT,23.245892,,,,,,,,3257,1.06,7246
Venezuela,11500,6.65,0.00687,3200,,2550,0.228,0.949,,1.18,5.02,3100,75.3,107,2610,16900,,,,4.79E+11,-1.47,0.588,0.518,46.9,0.556,5,0.0145,28400000,0.009190141,0.040492958,0.010915493,14,,4.6,0.1619718309859155,,,,VEN,40.31084,,28715026,,VEN,8.19,VEN,40.31084,,,,,,,,,,,,,,,,,,,,,,,,,,,,,,,,,,1324193,4.66,5415337
Vietnam,1850,1.62,0.158,1020,,670,0.027,0.0956,,0.176,0.176,,73.5,28.7,7430,4430,0.042,0.173,0.477,3.96E+11,6.67,0.147,0.294,37.1,0.333,5,0.01,88000000,0.008443182,0.002102273,,42,,,,,,,VNM,33.97985657,6324.526,87411016,,VNM,7.85,VNM,33.97985657,,,,,,,VNM,17.05667,,,,,,,,,,,,,,,,,,,,,,,,,,76767,0.08,3392025
Yemen,745,1.01,,255,,338,,0.228,,,0.605,1500,68,78.6,1110,4570,,,,1.13E+11,7.81,0.118,0.264,35.7,0.389,5,0.028,23200000,0.004784483,0.003211207,0.006465517,16,,,,,,,YEM,32.45818012,,24743944,,YEM,3.85,YEM,32.45818012,,,,,,,YEM,14.5421,,,,,,,,,,,,,,,,,,,,,,,,,,387113,1.3,1301166
Zambia,1330,0.198,,591,,604,0.0741,,,,,,56,28,1170,3340,0.644,0.797,0.905,36400000000,7.11,0.735,0.568,55.6,0.389,4,0.0291,13600000,0.008602941,0.009779412,,33,1145.844603,326.1,23.977941176470587,,,,ZMB,24.37742791,3083.3552,13792095,,ZMB,4.66,ZMB,24.37742791,,,,,,,ZMB,16.9,ZMB,44.839348,,,,,,,,,,,,,,,ZMB,14.668857,,,,,,,,187955,1.02,200700
Zimbabwe,1410,0.613,,607,,745,0.0278,,,,,78000,49.7,65.8,2000,1930,,,,15300000000,8.89,0.294,0.264,43.2,0.333,6,0.0135,12700000,0.015748031,0.011102362,0.6141732283464566,23,1019.960476,182.1,14.338582677165354,,,,ZWE,30.20767958,1799.5403,12839774,,ZWE,15.22,ZWE,30.20767958,,,,,,,ZWE,8.53672,ZWE,48.759144,,,,,,,,,,,,,,,ZWE,16.120872,,,,,,,,416141,2.8,1243314
Liechtenstein,,1.53,,,,,,,,,,,,,,,,,,3210000000,8.82,,,40,,1,0.00745,36000,,,,,,,,,,,LIE,,,35948,,,,,,,,,,,,,,,,,,,,,,,,,,,,,,,,,,,,,,,25877,67.87,3706
Nauru,,4.4,,,,,,,,,,,,,,6610,,,,79800000,0,,,40,,1,0.00662,10000,,,,,,,,,,,NRU,,6536.3325,10262,,NRU,10.25,,,,,,,,,,,,,,,,,,,,,,,,,,,,,,,,,,,,2201,20.33,2454
Palau,,14.1,,,,,,,,,,,,,,13600,,,,279000000,2,,,40,,1,-0.0182,18000,,,,,,,,,,,PLW,,14744.528,18563,,PLW,8.54,,,,,,,,,PLW,15.07,PLW,35.49623,,,,,,,,,,,,,,,PLW,50.58347,,,,,,,,5088,28.12,2656
St. Kitts and Nevis,,4.49,,,,,,,,,,,,124,,24600,,,,1080000000,-0.683,,,40,,1,0.00854,49000,,,,,,,,,,,,,,,,,,,,,,,,,,,,,,,,,,,,,,,,,,,,,,,,,,,,,,,
Tuvalu,,0.697,,,,,,,,,,,,,,2990,0.033,0.176,0.467,,,,,39.1,,1,0.0101,10500,,,,,,,,,,,TUV,104.3602765,3334.6072,10570,,TUV,14.79,TUV,104.3602765,,,,,,,,,,,,,,,,,,,,,,,,,,,,,,,,,,239,2.03,3670
Monaco,,,,,,,,,,,,,,,,54100,,,,1500000000,2.14,,,40,,1,0.0109,35600,,,,,,,,,,,MCO,,,33203,,MCO,9.17,,,,,,,,,MCO,6.36322,,,,,,,,,,,,,,,,,,,,,,,,,,26601,67.79,32552
San Marino,,,,,,,,,,,,,,,,73600,,,,1080000000,-5.18,,,40,,1,0.0133,31200,,,,,,,,,,,SMR,,71156.1,31631,,SMR,21.97,,,,,,,,,SMR,10.78129,SMR,34.221275,,,,,,,,,,,,,,,SMR,37.29069,,,,,,,,5543,16.34,2407
"Hong Kong, China",,,,,,,,,,,,,,,,,,,,,,,,,,,,,,,,,,,,,,,,,,,,,,,,,,,,,,,,,,,,,,,,,,,,,,,,,,,,,,,,,,,
"Macedonia, FYR",,,,,,,,,,,,,,,,,,,,,,,,,,,,,,,,,,,,,,,,,,,,,,,,,,,,,,,,,,,,,,,,,,,,,,,,,,,,,,,,,,,
Taiwan,,,,,,,,,,,,,,,,,,,,,,,,,,,,,,,,68,,12508.6,,,,,TWN,,,23083086,,,,,,,,,,,,,,,,,,,,,,,,,,,,,,,,,,,,,,,,,
Holy See,,,,,,,,,,,,,,,,,,,,,,,,40,,,,783,,,,,,,,,,,,,,,,,,,,,,,,,,,,,,,,,,,,,,,,,,,,,,,,,,,,,,,
